index	snpversity_id	project_number	sra	name
1	1_SRR17046119	PRJNA783885	SRR17046119	1
2	2_SRR17046002	PRJNA783885	SRR17046002	2
3	3_SRR17045989	PRJNA783885	SRR17045989	3
4	4_SRR17045988	PRJNA783885	SRR17045988	4
5	5_SRR17045987	PRJNA783885	SRR17045987	5
6	6_SRR17045986	PRJNA783885	SRR17045986	6
7	7_SRR17045984	PRJNA783885	SRR17045984	7
8	8_SRR17045983	PRJNA783885	SRR17045983	8
9	9_SRR17045982	PRJNA783885	SRR17045982	9
10	10_SRR17045932	PRJNA783885	SRR17045932	10
11	11_SRR17045910	PRJNA783885	SRR17045910	11
12	12_SRR17045899	PRJNA783885	SRR17045899	12
13	13_SRR17045888	PRJNA783885	SRR17045888	13
14	14_SRR17045877	PRJNA783885	SRR17045877	14
15	15_SRR17046058	PRJNA783885	SRR17046058	15
16	16_SRR17046047	PRJNA783885	SRR17046047	16
17	17_SRR17046035	PRJNA783885	SRR17046035	17
18	18_SRR17046024	PRJNA783885	SRR17046024	18
19	19_SRR17046013	PRJNA783885	SRR17046013	19
20	20_SRR17045991	PRJNA783885	SRR17045991	20
21	21_SRR17045990	PRJNA783885	SRR17045990	21
22	32_SRR11302120	PRJNA609577	SRR11302120	32
23	32_SRR11302121	PRJNA609577	SRR11302121	32
24	32_CRR505040	PRJCA009749	CRR505040	32
25	148_CRR505670	PRJCA009749	CRR505670	148
26	150_SRR8906751	PRJNA531553	SRR8906751	150
27	177_SRR8906698	PRJNA531553	SRR8906698	177
28	178_SRR11302110	PRJNA609577	SRR11302110	178
29	196_CRR504889	PRJCA009749	CRR504889	196
30	238_SRR8906741	PRJNA531553	SRR8906741	238
31	267_CRR505616	PRJCA009749	CRR505616	267
32	268_SRR8907070	PRJNA531553	SRR8907070	268
33	271_CRR505613	PRJCA009749	CRR505613	271
34	434_SRR11301769	PRJNA609577	SRR11301769	434
35	434_SRR11301770	PRJNA609577	SRR11301770	434
36	444_SRR11301560	PRJNA609577	SRR11301560	444
37	444_SRR11301561	PRJNA609577	SRR11301561	444
38	446_SRR11301778	PRJNA609577	SRR11301778	446
39	446_SRR11301779	PRJNA609577	SRR11301779	446
40	485_SRR11302023	PRJNA609577	SRR11302023	485
41	485_SRR11302024	PRJNA609577	SRR11302024	485
42	485_CRR505393	PRJCA009749	CRR505393	485
43	488_SRR11301641	PRJNA609577	SRR11301641	488
44	488_SRR11301642	PRJNA609577	SRR11301642	488
45	489_CRR505394	PRJCA009749	CRR505394	489
46	501_SRR8906934	PRJNA531553	SRR8906934	501
47	515_SRR11301556	PRJNA609577	SRR11301556	515
48	515_SRR11301557	PRJNA609577	SRR11301557	515
49	618_SRR11302014	PRJNA609577	SRR11302014	618
50	647_SRR8907116	PRJNA531553	SRR8907116	647
51	707_CRR504919	PRJCA009749	CRR504919	707
52	740_CRR505311	PRJCA009749	CRR505311	740
53	778_CRR505303	PRJCA009749	CRR505303	778
54	787_SRR11301608	PRJNA609577	SRR11301608	787
55	787_SRR11301609	PRJNA609577	SRR11301609	787
56	787_CRR505312	PRJCA009749	CRR505312	787
57	792_CRR505159	PRJCA009749	CRR505159	792
58	793_CRR505313	PRJCA009749	CRR505313	793
59	803_SRR11301765	PRJNA609577	SRR11301765	803
60	803_SRR11301766	PRJNA609577	SRR11301766	803
61	806_CRR504710	PRJCA009749	CRR504710	806
62	812_SRR11301776	PRJNA609577	SRR11301776	812
63	812_SRR11301777	PRJNA609577	SRR11301777	812
64	812_SRR8907084	PRJNA531553	SRR8907084	812
65	830_SRR17046179	PRJNA783885	SRR17046179	830
66	831_SRR17046178	PRJNA783885	SRR17046178	831
67	832_SRR11301764	PRJNA609577	SRR11301764	832
68	832_SRR17046131	PRJNA783885	SRR17046131	832
69	832_SRR8907093	PRJNA531553	SRR8907093	832
70	833_SRR17046036	PRJNA783885	SRR17046036	833
71	833_CRR504280	PRJCA009749	CRR504280	833
72	834_SRR17045985	PRJNA783885	SRR17045985	834
73	835_SRR17045974	PRJNA783885	SRR17045974	835
74	836_SRR17045867	PRJNA783885	SRR17045867	836
75	837_SRR17045856	PRJNA783885	SRR17045856	837
76	838_SRR17045845	PRJNA783885	SRR17045845	838
77	839_SRR17046106	PRJNA783885	SRR17046106	839
78	840_SRR17046177	PRJNA783885	SRR17046177	840
79	841_SRR17046166	PRJNA783885	SRR17046166	841
80	842_SRR17046155	PRJNA783885	SRR17046155	842
81	842_CRR505407	PRJCA009749	CRR505407	842
82	843_SRR17046144	PRJNA783885	SRR17046144	843
83	844_SRR17046085	PRJNA783885	SRR17046085	844
84	845_SRR17046074	PRJNA783885	SRR17046074	845
85	846_SRR17045967	PRJNA783885	SRR17045967	846
86	847_SRR17045956	PRJNA783885	SRR17045956	847
87	848_SRR17045945	PRJNA783885	SRR17045945	848
88	849_SRR17046142	PRJNA783885	SRR17046142	849
89	850_SRR17046130	PRJNA783885	SRR17046130	850
90	897_CRR504885	PRJCA009749	CRR504885	897
91	904_ERR10290814	PRJEB56320	ERR10290814	904
92	904_SRR11302165	PRJNA609577	SRR11302165	904
93	904_SRR11302166	PRJNA609577	SRR11302166	904
94	911_SRR11302127	PRJNA609577	SRR11302127	911
95	912_SRR11302126	PRJNA609577	SRR11302126	912
96	950_CRR504711	PRJCA009749	CRR504711	950
97	1003_SRR17045852	PRJNA783885	SRR17045852	1003
98	1004_SRR17045851	PRJNA783885	SRR17045851	1004
99	1005_SRR17045850	PRJNA783885	SRR17045850	1005
100	1006_SRR17045849	PRJNA783885	SRR17045849	1006
101	1007_SRR17045848	PRJNA783885	SRR17045848	1007
102	1008_SRR17045847	PRJNA783885	SRR17045847	1008
103	1009_SRR17045846	PRJNA783885	SRR17045846	1009
104	1010_SRR17045844	PRJNA783885	SRR17045844	1010
105	1011_SRR17045843	PRJNA783885	SRR17045843	1011
106	1012_SRR17045842	PRJNA783885	SRR17045842	1012
107	1013_SRR17045841	PRJNA783885	SRR17045841	1013
108	1014_SRR17045840	PRJNA783885	SRR17045840	1014
109	1015_SRR17046111	PRJNA783885	SRR17046111	1015
110	1016_SRR17046110	PRJNA783885	SRR17046110	1016
111	1017_SRR17046109	PRJNA783885	SRR17046109	1017
112	1018_SRR17046108	PRJNA783885	SRR17046108	1018
113	1019_SRR17046107	PRJNA783885	SRR17046107	1019
114	1021_SRR17046105	PRJNA783885	SRR17046105	1021
115	1022_SRR17046104	PRJNA783885	SRR17046104	1022
116	1023_SRR17046103	PRJNA783885	SRR17046103	1023
117	1024_SRR17046102	PRJNA783885	SRR17046102	1024
118	1025_SRR17046101	PRJNA783885	SRR17046101	1025
119	1026_SRR17046100	PRJNA783885	SRR17046100	1026
120	1027_SRR17046099	PRJNA783885	SRR17046099	1027
121	1028_SRR17046098	PRJNA783885	SRR17046098	1028
122	1029_SRR17046097	PRJNA783885	SRR17046097	1029
123	1030_SRR17046096	PRJNA783885	SRR17046096	1030
124	1031_SRR17046176	PRJNA783885	SRR17046176	1031
125	1032_SRR17046175	PRJNA783885	SRR17046175	1032
126	1033_SRR17046174	PRJNA783885	SRR17046174	1033
127	1034_SRR17046173	PRJNA783885	SRR17046173	1034
128	1035_SRR17046172	PRJNA783885	SRR17046172	1035
129	1036_SRR17046171	PRJNA783885	SRR17046171	1036
130	1037_SRR17046170	PRJNA783885	SRR17046170	1037
131	1038_SRR17046169	PRJNA783885	SRR17046169	1038
132	1039_SRR17046168	PRJNA783885	SRR17046168	1039
133	1040_SRR17046167	PRJNA783885	SRR17046167	1040
134	1041_SRR17046165	PRJNA783885	SRR17046165	1041
135	1042_SRR17046164	PRJNA783885	SRR17046164	1042
136	1043_SRR17046163	PRJNA783885	SRR17046163	1043
137	1044_SRR17046162	PRJNA783885	SRR17046162	1044
138	1045_SRR17046161	PRJNA783885	SRR17046161	1045
139	1046_SRR17046160	PRJNA783885	SRR17046160	1046
140	1047_SRR17046159	PRJNA783885	SRR17046159	1047
141	1048_SRR17046158	PRJNA783885	SRR17046158	1048
142	1049_SRR17046157	PRJNA783885	SRR17046157	1049
143	1050_SRR17046156	PRJNA783885	SRR17046156	1050
144	1051_SRR17046154	PRJNA783885	SRR17046154	1051
145	1052_SRR17046153	PRJNA783885	SRR17046153	1052
146	1053_SRR17046152	PRJNA783885	SRR17046152	1053
147	1054_SRR17046151	PRJNA783885	SRR17046151	1054
148	1055_SRR17046150	PRJNA783885	SRR17046150	1055
149	1056_SRR17046149	PRJNA783885	SRR17046149	1056
150	1057_SRR17046148	PRJNA783885	SRR17046148	1057
151	1058_SRR17046147	PRJNA783885	SRR17046147	1058
152	1059_SRR17046146	PRJNA783885	SRR17046146	1059
153	1060_SRR17045921	PRJNA783885	SRR17045921	1060
154	1061_SRR17046145	PRJNA783885	SRR17046145	1061
155	1062_SRR17046095	PRJNA783885	SRR17046095	1062
156	1063_SRR17046094	PRJNA783885	SRR17046094	1063
157	1064_SRR17046093	PRJNA783885	SRR17046093	1064
158	1065_SRR17046092	PRJNA783885	SRR17046092	1065
159	1066_SRR17046091	PRJNA783885	SRR17046091	1066
160	1067_SRR17046090	PRJNA783885	SRR17046090	1067
161	1068_SRR17046089	PRJNA783885	SRR17046089	1068
162	1069_SRR17046088	PRJNA783885	SRR17046088	1069
163	1070_SRR17046087	PRJNA783885	SRR17046087	1070
164	1072_SRR17046086	PRJNA783885	SRR17046086	1072
165	1073_SRR17046084	PRJNA783885	SRR17046084	1073
166	1075_SRR17046083	PRJNA783885	SRR17046083	1075
167	1076_SRR17046082	PRJNA783885	SRR17046082	1076
168	1077_SRR17046081	PRJNA783885	SRR17046081	1077
169	1078_SRR17046080	PRJNA783885	SRR17046080	1078
170	1079_SRR17046079	PRJNA783885	SRR17046079	1079
171	1080_SRR17046078	PRJNA783885	SRR17046078	1080
172	1081_SRR17046077	PRJNA783885	SRR17046077	1081
173	1082_SRR17046076	PRJNA783885	SRR17046076	1082
174	1083_SRR17046075	PRJNA783885	SRR17046075	1083
175	1084_SRR17046073	PRJNA783885	SRR17046073	1084
176	1085_SRR17046072	PRJNA783885	SRR17046072	1085
177	1086_SRR17046071	PRJNA783885	SRR17046071	1086
178	1087_SRR17046070	PRJNA783885	SRR17046070	1087
179	1088_SRR17046069	PRJNA783885	SRR17046069	1088
180	1089_SRR17046068	PRJNA783885	SRR17046068	1089
181	1090_SRR17046067	PRJNA783885	SRR17046067	1090
182	1091_SRR17046066	PRJNA783885	SRR17046066	1091
183	1092_SRR17046065	PRJNA783885	SRR17046065	1092
184	1093_SRR17046064	PRJNA783885	SRR17046064	1093
185	1094_SRR17045966	PRJNA783885	SRR17045966	1094
186	1095_SRR17045965	PRJNA783885	SRR17045965	1095
187	1096_SRR17045964	PRJNA783885	SRR17045964	1096
188	1097_SRR17045963	PRJNA783885	SRR17045963	1097
189	1098_SRR17045962	PRJNA783885	SRR17045962	1098
190	1099_SRR17045961	PRJNA783885	SRR17045961	1099
191	1100_SRR17045960	PRJNA783885	SRR17045960	1100
192	1101_SRR17045959	PRJNA783885	SRR17045959	1101
193	1102_SRR17045958	PRJNA783885	SRR17045958	1102
194	1103_SRR17045957	PRJNA783885	SRR17045957	1103
195	1104_SRR17045955	PRJNA783885	SRR17045955	1104
196	1105_SRR17045954	PRJNA783885	SRR17045954	1105
197	1106_SRR17045953	PRJNA783885	SRR17045953	1106
198	1107_SRR17045952	PRJNA783885	SRR17045952	1107
199	1108_SRR17045951	PRJNA783885	SRR17045951	1108
200	1109_SRR17045950	PRJNA783885	SRR17045950	1109
201	1110_SRR17045949	PRJNA783885	SRR17045949	1110
202	1111_SRR17045948	PRJNA783885	SRR17045948	1111
203	1112_SRR17045947	PRJNA783885	SRR17045947	1112
204	1113_SRR17045946	PRJNA783885	SRR17045946	1113
205	1114_SRR17045944	PRJNA783885	SRR17045944	1114
206	1115_SRR17045943	PRJNA783885	SRR17045943	1115
207	1116_SRR17045942	PRJNA783885	SRR17045942	1116
208	1117_SRR17045941	PRJNA783885	SRR17045941	1117
209	1118_SRR17045940	PRJNA783885	SRR17045940	1118
210	1119_SRR17045939	PRJNA783885	SRR17045939	1119
211	1120_SRR17045938	PRJNA783885	SRR17045938	1120
212	1121_SRR17045937	PRJNA783885	SRR17045937	1121
213	1123_SRR17045936	PRJNA783885	SRR17045936	1123
214	1124_SRR17046143	PRJNA783885	SRR17046143	1124
215	1125_SRR17046141	PRJNA783885	SRR17046141	1125
216	1126_SRR17046140	PRJNA783885	SRR17046140	1126
217	1127_SRR17046139	PRJNA783885	SRR17046139	1127
218	1128_SRR17046138	PRJNA783885	SRR17046138	1128
219	1129_SRR17046137	PRJNA783885	SRR17046137	1129
220	1130_SRR17046136	PRJNA783885	SRR17046136	1130
221	1131_SRR17046135	PRJNA783885	SRR17046135	1131
222	1132_SRR17046134	PRJNA783885	SRR17046134	1132
223	1133_SRR17046133	PRJNA783885	SRR17046133	1133
224	1134_SRR17046132	PRJNA783885	SRR17046132	1134
225	1135_SRR17046129	PRJNA783885	SRR17046129	1135
226	1136_SRR17046128	PRJNA783885	SRR17046128	1136
227	1138_SRR17046127	PRJNA783885	SRR17046127	1138
228	1139_SRR17046126	PRJNA783885	SRR17046126	1139
229	1140_SRR17046125	PRJNA783885	SRR17046125	1140
230	1141_SRR17046124	PRJNA783885	SRR17046124	1141
231	1142_SRR17046123	PRJNA783885	SRR17046123	1142
232	1143_SRR17046122	PRJNA783885	SRR17046122	1143
233	1144_SRR17046121	PRJNA783885	SRR17046121	1144
234	1145_SRR17046120	PRJNA783885	SRR17046120	1145
235	1147_SRR17046118	PRJNA783885	SRR17046118	1147
236	1148_SRR17046117	PRJNA783885	SRR17046117	1148
237	1149_SRR17046116	PRJNA783885	SRR17046116	1149
238	1150_SRR17046115	PRJNA783885	SRR17046115	1150
239	1151_SRR17046114	PRJNA783885	SRR17046114	1151
240	1152_SRR17046113	PRJNA783885	SRR17046113	1152
241	1153_SRR17046112	PRJNA783885	SRR17046112	1153
242	1154_SRR17045935	PRJNA783885	SRR17045935	1154
243	1155_SRR17045934	PRJNA783885	SRR17045934	1155
244	1156_SRR17045933	PRJNA783885	SRR17045933	1156
245	1157_SRR17045931	PRJNA783885	SRR17045931	1157
246	1158_SRR17045930	PRJNA783885	SRR17045930	1158
247	1159_SRR17045929	PRJNA783885	SRR17045929	1159
248	1160_SRR17045928	PRJNA783885	SRR17045928	1160
249	1161_SRR17045927	PRJNA783885	SRR17045927	1161
250	1162_SRR17045926	PRJNA783885	SRR17045926	1162
251	1163_SRR17045925	PRJNA783885	SRR17045925	1163
252	1164_SRR17045924	PRJNA783885	SRR17045924	1164
253	1165_SRR17045923	PRJNA783885	SRR17045923	1165
254	1166_SRR17045922	PRJNA783885	SRR17045922	1166
255	1167_SRR17045920	PRJNA783885	SRR17045920	1167
256	1168_SRR17045919	PRJNA783885	SRR17045919	1168
257	1169_SRR17045918	PRJNA783885	SRR17045918	1169
258	1170_SRR17045917	PRJNA783885	SRR17045917	1170
259	1171_SRR17045916	PRJNA783885	SRR17045916	1171
260	1174_SRR17045915	PRJNA783885	SRR17045915	1174
261	1175_SRR17045914	PRJNA783885	SRR17045914	1175
262	1176_SRR17045913	PRJNA783885	SRR17045913	1176
263	1177_SRR17045912	PRJNA783885	SRR17045912	1177
264	1178_SRR17045911	PRJNA783885	SRR17045911	1178
265	1179_SRR17045909	PRJNA783885	SRR17045909	1179
266	1180_SRR17045908	PRJNA783885	SRR17045908	1180
267	1181_SRR17045907	PRJNA783885	SRR17045907	1181
268	1182_SRR17045906	PRJNA783885	SRR17045906	1182
269	1183_SRR17045905	PRJNA783885	SRR17045905	1183
270	1184_SRR17045904	PRJNA783885	SRR17045904	1184
271	1185_SRR17045903	PRJNA783885	SRR17045903	1185
272	1186_SRR17045902	PRJNA783885	SRR17045902	1186
273	1187_SRR17045901	PRJNA783885	SRR17045901	1187
274	1188_SRR17045900	PRJNA783885	SRR17045900	1188
275	1189_SRR17045898	PRJNA783885	SRR17045898	1189
276	1190_SRR17045897	PRJNA783885	SRR17045897	1190
277	1191_SRR17045896	PRJNA783885	SRR17045896	1191
278	1192_SRR17045895	PRJNA783885	SRR17045895	1192
279	1193_SRR17045894	PRJNA783885	SRR17045894	1193
280	1194_SRR17045893	PRJNA783885	SRR17045893	1194
281	1195_SRR17045892	PRJNA783885	SRR17045892	1195
282	1196_SRR17045891	PRJNA783885	SRR17045891	1196
283	1197_SRR17045890	PRJNA783885	SRR17045890	1197
284	1198_SRR17045889	PRJNA783885	SRR17045889	1198
285	1199_SRR17045887	PRJNA783885	SRR17045887	1199
286	1200_SRR17045886	PRJNA783885	SRR17045886	1200
287	1201_SRR17045885	PRJNA783885	SRR17045885	1201
288	1202_SRR17045884	PRJNA783885	SRR17045884	1202
289	1203_SRR17045883	PRJNA783885	SRR17045883	1203
290	1204_SRR17045882	PRJNA783885	SRR17045882	1204
291	1205_SRR17045881	PRJNA783885	SRR17045881	1205
292	1206_SRR17045880	PRJNA783885	SRR17045880	1206
293	1207_SRR17045879	PRJNA783885	SRR17045879	1207
294	1208_SRR17045878	PRJNA783885	SRR17045878	1208
295	1209_SRR17045876	PRJNA783885	SRR17045876	1209
296	1210_SRR17045875	PRJNA783885	SRR17045875	1210
297	1211_SRR17045874	PRJNA783885	SRR17045874	1211
298	1212_SRR17045873	PRJNA783885	SRR17045873	1212
299	1213_SRR17045872	PRJNA783885	SRR17045872	1213
300	1214_SRR17046063	PRJNA783885	SRR17046063	1214
301	1215_SRR17046062	PRJNA783885	SRR17046062	1215
302	1216_SRR17046061	PRJNA783885	SRR17046061	1216
303	1217_SRR17046060	PRJNA783885	SRR17046060	1217
304	1218_SRR17046059	PRJNA783885	SRR17046059	1218
305	1219_SRR17046057	PRJNA783885	SRR17046057	1219
306	1220_SRR17046056	PRJNA783885	SRR17046056	1220
307	1221_SRR17046055	PRJNA783885	SRR17046055	1221
308	1223_SRR17046054	PRJNA783885	SRR17046054	1223
309	1225_SRR17046053	PRJNA783885	SRR17046053	1225
310	1226_SRR17046052	PRJNA783885	SRR17046052	1226
311	1227_SRR17046051	PRJNA783885	SRR17046051	1227
312	1228_SRR17046050	PRJNA783885	SRR17046050	1228
313	1229_SRR17046049	PRJNA783885	SRR17046049	1229
314	1230_SRR17046048	PRJNA783885	SRR17046048	1230
315	1231_SRR17046046	PRJNA783885	SRR17046046	1231
316	1232_SRR17046045	PRJNA783885	SRR17046045	1232
317	1233_SRR17046044	PRJNA783885	SRR17046044	1233
318	1234_SRR17046043	PRJNA783885	SRR17046043	1234
319	1235_SRR17046042	PRJNA783885	SRR17046042	1235
320	1236_SRR17046041	PRJNA783885	SRR17046041	1236
321	1237_SRR17046040	PRJNA783885	SRR17046040	1237
322	1238_SRR17046039	PRJNA783885	SRR17046039	1238
323	1239_SRR17046038	PRJNA783885	SRR17046038	1239
324	1240_SRR17046037	PRJNA783885	SRR17046037	1240
325	1241_SRR17046034	PRJNA783885	SRR17046034	1241
326	1242_SRR17046033	PRJNA783885	SRR17046033	1242
327	1243_SRR17046032	PRJNA783885	SRR17046032	1243
328	1244_SRR17046031	PRJNA783885	SRR17046031	1244
329	1245_SRR17046030	PRJNA783885	SRR17046030	1245
330	1246_SRR17046029	PRJNA783885	SRR17046029	1246
331	1247_SRR17046028	PRJNA783885	SRR17046028	1247
332	1248_SRR17046027	PRJNA783885	SRR17046027	1248
333	1249_SRR17046026	PRJNA783885	SRR17046026	1249
334	1250_SRR17046025	PRJNA783885	SRR17046025	1250
335	1251_SRR17046023	PRJNA783885	SRR17046023	1251
336	1252_SRR17046022	PRJNA783885	SRR17046022	1252
337	1253_SRR17046021	PRJNA783885	SRR17046021	1253
338	1254_SRR17046020	PRJNA783885	SRR17046020	1254
339	1255_SRR17046019	PRJNA783885	SRR17046019	1255
340	1256_SRR17046018	PRJNA783885	SRR17046018	1256
341	1257_SRR17046017	PRJNA783885	SRR17046017	1257
342	1258_SRR17046016	PRJNA783885	SRR17046016	1258
343	1259_SRR17046015	PRJNA783885	SRR17046015	1259
344	1260_SRR17046014	PRJNA783885	SRR17046014	1260
345	1261_SRR17046012	PRJNA783885	SRR17046012	1261
346	1262_SRR17046011	PRJNA783885	SRR17046011	1262
347	1263_SRR17046010	PRJNA783885	SRR17046010	1263
348	1264_SRR17046009	PRJNA783885	SRR17046009	1264
349	1265_SRR17046008	PRJNA783885	SRR17046008	1265
350	1266_SRR17046007	PRJNA783885	SRR17046007	1266
351	1267_SRR17046006	PRJNA783885	SRR17046006	1267
352	1268_SRR17046005	PRJNA783885	SRR17046005	1268
353	1270_SRR17046004	PRJNA783885	SRR17046004	1270
354	1271_SRR17046003	PRJNA783885	SRR17046003	1271
355	1272_SRR17046001	PRJNA783885	SRR17046001	1272
356	1273_SRR17046000	PRJNA783885	SRR17046000	1273
357	1274_SRR17045999	PRJNA783885	SRR17045999	1274
358	1276_SRR17045998	PRJNA783885	SRR17045998	1276
359	1277_SRR17045997	PRJNA783885	SRR17045997	1277
360	1278_SRR17045996	PRJNA783885	SRR17045996	1278
361	1279_SRR17045995	PRJNA783885	SRR17045995	1279
362	1280_SRR17045994	PRJNA783885	SRR17045994	1280
363	1282_SRR17045993	PRJNA783885	SRR17045993	1282
364	1322_SRR17045981	PRJNA783885	SRR17045981	1322
365	1323_SRR8906766	PRJNA531553	SRR8906766	1323
366	1329_SRR17045980	PRJNA783885	SRR17045980	1329
367	1335_SRR17045979	PRJNA783885	SRR17045979	1335
368	1371_SRR17045978	PRJNA783885	SRR17045978	1371
369	1383_SRR17045977	PRJNA783885	SRR17045977	1383
370	1385_SRR17045976	PRJNA783885	SRR17045976	1385
371	1394_SRR17045975	PRJNA783885	SRR17045975	1394
372	1407_SRR17045973	PRJNA783885	SRR17045973	1407
373	1413_SRR17045972	PRJNA783885	SRR17045972	1413
374	1462_SRR8906828	PRJNA531553	SRR8906828	1462
375	1475_SRR17045971	PRJNA783885	SRR17045971	1475
376	1506_SRR17045970	PRJNA783885	SRR17045970	1506
377	1513_SRR17045969	PRJNA783885	SRR17045969	1513
378	1538_CRR505332	PRJCA009749	CRR505332	1538
379	1546_SRR17045968	PRJNA783885	SRR17045968	1546
380	1582_SRR17045871	PRJNA783885	SRR17045871	1582
381	1602_SRR17045870	PRJNA783885	SRR17045870	1602
382	1605_SRR17045869	PRJNA783885	SRR17045869	1605
383	1629_SRR17045868	PRJNA783885	SRR17045868	1629
384	1727_SRR17045866	PRJNA783885	SRR17045866	1727
385	1740_SRR17045865	PRJNA783885	SRR17045865	1740
386	1754_SRR17045864	PRJNA783885	SRR17045864	1754
387	1755_SRR17045863	PRJNA783885	SRR17045863	1755
388	1759_SRR17045862	PRJNA783885	SRR17045862	1759
389	1777_SRR17045861	PRJNA783885	SRR17045861	1777
390	1810_SRR17045860	PRJNA783885	SRR17045860	1810
391	1859_SRR17045859	PRJNA783885	SRR17045859	1859
392	1862_SRR17045858	PRJNA783885	SRR17045858	1862
393	1867_SRR17045857	PRJNA783885	SRR17045857	1867
394	1868_SRR17045855	PRJNA783885	SRR17045855	1868
395	1898_SRR17045854	PRJNA783885	SRR17045854	1898
396	1946_SRR17045853	PRJNA783885	SRR17045853	1946
397	2666_SRR17045992	PRJNA783885	SRR17045992	2666
398	3411_SRR8907081	PRJNA531553	SRR8907081	3411
399	4019_SRR8907143	PRJNA531553	SRR8907143	4019
400	4112_SRR11301772	PRJNA609577	SRR11301772	4112
401	5005_SRR11301601	PRJNA609577	SRR11301601	5005
402	5172_CRR504694	PRJCA009749	CRR504694	5172
403	5237_SRR11302021	PRJNA609577	SRR11302021	5237
404	5237_SRR11302022	PRJNA609577	SRR11302022	5237
405	5237_SRR8907122	PRJNA531553	SRR8907122	5237
406	5237_CRR504894	PRJCA009749	CRR504894	5237
407	5311_SRR8906838	PRJNA531553	SRR8906838	5311
408	5660_CRR504631	PRJCA009749	CRR504631	5660
409	5661_CRR504632	PRJCA009749	CRR504632	5661
410	6103_CRR505293	PRJCA009749	CRR505293	6103
411	7327_SRR11302062	PRJNA609577	SRR11302062	7327
412	7327_SRR8907007	PRJNA531553	SRR8907007	7327
413	7381_SRR8906825	PRJNA531553	SRR8906825	7381
414	8723_SRR11301974	PRJNA609577	SRR11301974	8723
415	8723_CRR504893	PRJCA009749	CRR504893	8723
416	8902_SRR11302045	PRJNA609577	SRR11302045	8902
417	8902_SRR11302046	PRJNA609577	SRR11302046	8902
418	8902_SRR8906690	PRJNA531553	SRR8906690	8902
419	8941_CRR504155	PRJCA009749	CRR504155	8941
420	9010_SRR11302025	PRJNA609577	SRR11302025	9010
421	9010_SRR11302027	PRJNA609577	SRR11302027	9010
422	9058_SRR11301593	PRJNA609577	SRR11301593	9058
423	9058_SRR11301594	PRJNA609577	SRR11301594	9058
424	9083_CRR504429	PRJCA009749	CRR504429	9083
425	9534_CRR504516	PRJCA009749	CRR504516	9534
426	9580_CRR504517	PRJCA009749	CRR504517	9580
427	9626_CRR504512	PRJCA009749	CRR504512	9626
428	9642_SRR8906662	PRJNA531553	SRR8906662	9642
429	9782_SRR8906821	PRJNA531553	SRR8906821	9782
430	11430_CRR505317	PRJCA009749	CRR505317	11430
431	41006_CRR504634	PRJCA009749	CRR504634	41006
432	50034_CRR504620	PRJCA009749	CRR504620	50034
433	50035_CRR504621	PRJCA009749	CRR504621	50035
434	50073_CRR504624	PRJCA009749	CRR504624	50073
435	52220_ERR10290816	PRJEB56320	ERR10290816	52220
436	68122_CRR504213	PRJCA009749	CRR504213	68122
437	78010_CRR505298	PRJCA009749	CRR505298	78010
438	81162_SRR11301602	PRJNA609577	SRR11301602	81162
439	81162_SRR8906942	PRJNA531553	SRR8906942	81162
440	81162_CRR504156	PRJCA009749	CRR504156	81162
441	81565_SRR11302039	PRJNA609577	SRR11302039	81565
442	81565_SRR11302040	PRJNA609577	SRR11302040	81565
443	85123_CRR505536	PRJCA009749	CRR505536	85123
444	121494_CRR505640	PRJCA009749	CRR505640	121494
445	161223_CRR505529	PRJCA009749	CRR505529	161223
446	526018_SRR8906635	PRJNA531553	SRR8906635	526018
447	526018_CRR505131	PRJCA009749	CRR505131	526018
448	6E6_SRR18458793	PRJNA816255	SRR18458793	6E6
449	04K5672_SRR8907012	PRJNA531553	SRR8907012	04K5672
450	04K5686_SRR8906688	PRJNA531553	SRR8906688	04K5686
451	04K5702_SRR8906657	PRJNA531553	SRR8906657	04K5702
452	05W002_SRR8906860	PRJNA531553	SRR8906860	05W002
453	05WN230_SRR8906931	PRJNA531553	SRR8906931	05WN230
454	07KS4_SRR8907092	PRJNA531553	SRR8907092	07KS4
455	1007_3_CRR505603	PRJCA009749	CRR505603	1007_3
456	112_O2_CRR505104	PRJCA009749	CRR505104	112_O2
457	1205A_CRR504206	PRJCA009749	CRR504206	1205A
458	150_4_CRR505492	PRJCA009749	CRR505492	150_4
459	16NS545_CRR505573	PRJCA009749	CRR505573	16NS545
460	16SD007_CRR504595	PRJCA009749	CRR504595	16SD007
461	16SD034_CRR504600	PRJCA009749	CRR504600	16SD034
462	16SD044_CRR504603	PRJCA009749	CRR504603	16SD044
463	16SD088_CRR504608	PRJCA009749	CRR504608	16SD088
464	16Y673_7_CRR505608	PRJCA009749	CRR505608	16Y673_7
465	16Y685_6_CRR505609	PRJCA009749	CRR505609	16Y685_6
466	178_1_CRR504805	PRJCA009749	CRR504805	178_1
467	17CPB04_CRR505620	PRJCA009749	CRR505620	17CPB04
468	17MC2621_CRR505502	PRJCA009749	CRR505502	17MC2621
469	17MC2622_CRR505503	PRJCA009749	CRR505503	17MC2622
470	17MC2623_CRR505504	PRJCA009749	CRR505504	17MC2623
471	17MC2624_CRR505505	PRJCA009749	CRR505505	17MC2624
472	17MC2627_CRR505506	PRJCA009749	CRR505506	17MC2627
473	17MC2629_CRR505507	PRJCA009749	CRR505507	17MC2629
474	17MC2630_CRR505508	PRJCA009749	CRR505508	17MC2630
475	17MC3255_CRR505501	PRJCA009749	CRR505501	17MC3255
476	18_599_SRR11301603	PRJNA609577	SRR11301603	18_599
477	18_599_SRR11301901	PRJNA609577	SRR11301901	18_599
478	18-599_SRR8906787	PRJNA531553	SRR8906787	18-599
479	200B_SRR11301634	PRJNA609577	SRR11301634	200B
480	200B_SRR11301635	PRJNA609577	SRR11301635	200B
481	27_263_SRR11302191	PRJNA609577	SRR11302191	27_263
482	282set_38-11Goodman-Buckler_SRR5725801	PRJNA389800	SRR5725801	282set_38-11Goodman-Buckler
483	282set_4722_SRR5725694	PRJNA389800	SRR5725694	282set_4722
484	282set_A239_SRR5725796	PRJNA389800	SRR5725796	282set_A239
485	282set_A441-5_SRR5725795	PRJNA389800	SRR5725795	282set_A441-5
486	282set_A632_SRR5725669	PRJNA389800	SRR5725669	282set_A632
487	282set_A634_SRR5725672	PRJNA389800	SRR5725672	282set_A634
488	282set_A641_SRR5725666	PRJNA389800	SRR5725666	282set_A641
489	282set_A654_SRR5725665	PRJNA389800	SRR5725665	282set_A654
490	282set_A679_SRR5725663	PRJNA389800	SRR5725663	282set_A679
491	282set_A682_SRR5725930	PRJNA389800	SRR5725930	282set_A682
492	282set_B103_SRR5725631	PRJNA389800	SRR5725631	282set_B103
493	282set_B57_SRR5664041	PRJNA389800	SRR5664041	282set_B57
494	282set_B57_SRR5725891	PRJNA389800	SRR5725891	282set_B57
495	282set_B79_SRR5725848	PRJNA389800	SRR5725848	282set_B79
496	282set_B84_SRR5725853	PRJNA389800	SRR5725853	282set_B84
497	282set_C103_SRR5725852	PRJNA389800	SRR5725852	282set_C103
498	282set_C123_SRR5725855	PRJNA389800	SRR5725855	282set_C123
499	282set_CI187-2_SRR5725858	PRJNA389800	SRR5725858	282set_CI187-2
500	282set_CML158Q_SRR5725735	PRJNA389800	SRR5725735	282set_CML158Q
501	282set_CML311_SRR5725906	PRJNA389800	SRR5725906	282set_CML311
502	282set_CML331_SRR5725803	PRJNA389800	SRR5725803	282set_CML331
503	282set_CML69_SRR5725845	PRJNA389800	SRR5725845	282set_CML69
504	282set_CML77_SRR5725844	PRJNA389800	SRR5725844	282set_CML77
505	282set_CO255_SRR5725877	PRJNA389800	SRR5725877	282set_CO255
506	282set_D940Y_SRR5725873	PRJNA389800	SRR5725873	282set_D940Y
507	282set_H91_SRR5725654	PRJNA389800	SRR5725654	282set_H91
508	282set_H95_SRR5725655	PRJNA389800	SRR5725655	282set_H95
509	282set_HP301_SRR5725657	PRJNA389800	SRR5725657	282set_HP301
510	282set_IDS69_SRR5725689	PRJNA389800	SRR5725689	282set_IDS69
511	282set_IDS91_SRR5725688	PRJNA389800	SRR5725688	282set_IDS91
512	282set_Ki21_SRR5725707	PRJNA389800	SRR5725707	282set_Ki21
513	282set_L578_SRR5725749	PRJNA389800	SRR5725749	282set_L578
514	282set_Ms71_SRR5663770	PRJNA389800	SRR5663770	282set_Ms71
515	282set_Ms71_SRR5725823	PRJNA389800	SRR5725823	282set_Ms71
516	282set_Ms71_SRR5725824	PRJNA389800	SRR5725824	282set_Ms71
517	282set_Mt42_SRR5725822	PRJNA389800	SRR5725822	282set_Mt42
518	282set_NC258_SRR5725902	PRJNA389800	SRR5725902	282set_NC258
519	282set_NC262_SRR5725900	PRJNA389800	SRR5725900	282set_NC262
520	282set_NC328_SRR5725680	PRJNA389800	SRR5725680	282set_NC328
521	282set_NC336_SRR5725679	PRJNA389800	SRR5725679	282set_NC336
522	282set_Os420_SRR5725763	PRJNA389800	SRR5725763	282set_Os420
523	282set_R177_SRR5725723	PRJNA389800	SRR5725723	282set_R177
524	282set_Sg1533_SRR5725829	PRJNA389800	SRR5725829	282set_Sg1533
525	282set_T8_SRR5725675	PRJNA389800	SRR5725675	282set_T8
526	282set_Tzi18_SRR5725787	PRJNA389800	SRR5725787	282set_Tzi18
527	282set_VA102_SRR5725639	PRJNA389800	SRR5725639	282set_VA102
528	282set_Va59_SRR5725887	PRJNA389800	SRR5725887	282set_Va59
529	282set_VaW6_SRR5663782	PRJNA389800	SRR5663782	282set_VaW6
530	282set_VaW6_SRR5725812	PRJNA389800	SRR5725812	282set_VaW6
531	29MIBZ2_SRR11301956	PRJNA609577	SRR11301956	29MIBZ2
532	29MIBZ2_SRR11301985	PRJNA609577	SRR11301985	29MIBZ2
533	2FACC_SRR11301965	PRJNA609577	SRR11301965	2FACC
534	2FAD8_CRR505354	PRJCA009749	CRR505354	2FAD8
535	2MA22_CRR505319	PRJCA009749	CRR505319	2MA22
536	303WX_SRR8906822	PRJNA531553	SRR8906822	303WX
537	334_1_SRR11301840	PRJNA609577	SRR11301840	334_1
538	384-2_SRR8906835	PRJNA531553	SRR8906835	384-2
539	3H_2_SRR11302152	PRJNA609577	SRR11302152	3H_2
540	3H-2_SRR8906936	PRJNA531553	SRR8906936	3H-2
541	3IBZ2_SRR11301551	PRJNA609577	SRR11301551	3IBZ2
542	3IJI1_CRR505269	PRJCA009749	CRR505269	3IJI1
543	444_1_CRR504440	PRJCA009749	CRR504440	444_1
544	4554_INBRED_ERR10290815	PRJEB56320	ERR10290815	4554_INBRED
545	4578INBRED_ERR10290818	PRJEB56320	ERR10290818	4578INBRED
546	48_2_SRR11301865	PRJNA609577	SRR11301865	48_2
547	48_2_SRR11301867	PRJNA609577	SRR11301867	48_2
548	48_2_SRR11301868	PRJNA609577	SRR11301868	48_2
549	4F-234BX4_ERR10290806	PRJEB56320	ERR10290806	4F-234BX4
550	4F-306_108_ERR10290812	PRJEB56320	ERR10290812	4F-306_108
551	4F1_SRR11301774	PRJNA609577	SRR11301774	4F1
552	4F1_SRR11301775	PRJNA609577	SRR11301775	4F1
553	4F1_SRR8906845	PRJNA531553	SRR8906845	4F1
554	4F1_CRR504157	PRJCA009749	CRR504157	4F1
555	55113_3_3_5_CRR505117	PRJCA009749	CRR505117	55113_3_3_5
556	5D1_SRR18458792	PRJNA816255	SRR18458792	5D1
557	5D1_2_SRR18458789	PRJNA816255	SRR18458789	5D1_2
558	5D1_3_SRR18458788	PRJNA816255	SRR18458788	5D1_3
559	5D1_5_SRR18458787	PRJNA816255	SRR18458787	5D1_5
560	5D2_SRR18458791	PRJNA816255	SRR18458791	5D2
561	5D2_2_SRR18458786	PRJNA816255	SRR18458786	5D2_2
562	5D2_3_SRR18458785	PRJNA816255	SRR18458785	5D2_3
563	5D2_5_SRR18458784	PRJNA816255	SRR18458784	5D2_5
564	5D3_2_SRR18458783	PRJNA816255	SRR18458783	5D3_2
565	5D3_3_SRR18458805	PRJNA816255	SRR18458805	5D3_3
566	5D3_5_SRR18458804	PRJNA816255	SRR18458804	5D3_5
567	5D5_2_SRR18458803	PRJNA816255	SRR18458803	5D5_2
568	5D5_3_SRR18458802	PRJNA816255	SRR18458802	5D5_3
569	5D5_5_SRR18458801	PRJNA816255	SRR18458801	5D5_5
570	5D6_2_SRR18458800	PRJNA816255	SRR18458800	5D6_2
571	5D6_3_SRR18458799	PRJNA816255	SRR18458799	5D6_3
572	5D6_5_SRR18458798	PRJNA816255	SRR18458798	5D6_5
573	5D7_2_SRR18458797	PRJNA816255	SRR18458797	5D7_2
574	5D7_3_SRR18458796	PRJNA816255	SRR18458796	5D7_3
575	5D7_5_SRR18458794	PRJNA816255	SRR18458794	5D7_5
576	5N545_CRR504580	PRJCA009749	CRR504580	5N545
577	5N65_CRR504575	PRJCA009749	CRR504575	5N65
578	5N74_CRR504576	PRJCA009749	CRR504576	5N74
579	5N78_CRR504578	PRJCA009749	CRR504578	5N78
580	6107A_2_CRR505389	PRJCA009749	CRR505389	6107A_2
581	698_3_SRR11301587	PRJNA609577	SRR11301587	698_3
582	698_3_SRR11301588	PRJNA609577	SRR11301588	698_3
583	6E6_2_SRR18458807	PRJNA816255	SRR18458807	6E6_2
584	6E6_3_SRR18458806	PRJNA816255	SRR18458806	6E6_3
585	6E6_5_SRR18458795	PRJNA816255	SRR18458795	6E6_5
586	6F629_SRR11301562	PRJNA609577	SRR11301562	6F629
587	6F629_SRR11301573	PRJNA609577	SRR11301573	6F629
588	6M502A_SRR11302164	PRJNA609577	SRR11302164	6M502A
589	6NH372_CRR505547	PRJCA009749	CRR505547	6NH372
590	6NH717_CRR505556	PRJCA009749	CRR505556	6NH717
591	6NH769_CRR505559	PRJCA009749	CRR505559	6NH769
592	72_125_CRR504878	PRJCA009749	CRR504878	72_125
593	75_1_SRR11301752	PRJNA609577	SRR11301752	75_1
594	75_14Gao_CRR504895	PRJCA009749	CRR504895	75_14Gao
595	75_322_CRR505054	PRJCA009749	CRR505054	75_322
596	78002A_CRR505163	PRJCA009749	CRR505163	78002A
597	78371A_CRR505307	PRJCA009749	CRR505307	78371A
598	78551S_CRR505320	PRJCA009749	CRR505320	78551S
599	7884_7Ht_SRR11301600	PRJNA609577	SRR11301600	7884_7Ht
600	7884-4HT_SRR8907094	PRJNA531553	SRR8907094	7884-4HT
601	80-2_ERR10290809	PRJEB56320	ERR10290809	80-2
602	811A_SRR11301892	PRJNA609577	SRR11301892	811A
603	835B_SRR8907077	PRJNA531553	SRR8907077	835B
604	83IBI3_SRR11301945	PRJNA609577	SRR11301945	83IBI3
605	83IBI3_SRR11301946	PRJNA609577	SRR11301946	83IBI3
606	87_1_SRR11301908	PRJNA609577	SRR11301908	87_1
607	87_1_SRR11301909	PRJNA609577	SRR11301909	87_1
608	87916W_CRR505321	PRJCA009749	CRR505321	87916W
609	91Huang15_CRR505019	PRJCA009749	CRR505019	91Huang15
610	91Huang5_CRR504930	PRJCA009749	CRR504930	91Huang5
611	975_12_CRR505130	PRJCA009749	CRR505130	975_12
612	975-12_SRR8906844	PRJNA531553	SRR8906844	975-12
613	A059_CRR505184	PRJCA009749	CRR505184	A059
614	A072_CRR505185	PRJCA009749	CRR505185	A072
615	A12_ERR10290790	PRJEB56320	ERR10290790	A12
616	A1393_CRR504571	PRJCA009749	CRR504571	A1393
617	A15_ERR10290786	PRJEB56320	ERR10290786	A15
618	A155_ERR10290776	PRJEB56320	ERR10290776	A155
619	A171_ERR10290769	PRJEB56320	ERR10290769	A171
620	A272_SRR5976220	PRJNA399729	SRR5976220	A272
621	A334_SRR11301708	PRJNA609577	SRR11301708	A334
622	A334_SRR11301709	PRJNA609577	SRR11301709	A334
623	A344_ERR10290803	PRJEB56320	ERR10290803	A344
624	A374_inra_ERR1462650	PRJEB14212	ERR1462650	A374_inra
625	A3G-3-3-1-313_ERR10290801	PRJEB56320	ERR10290801	A3G-3-3-1-313
626	A415-1-3-INBRED_ERR10290802	PRJEB56320	ERR10290802	A415-1-3-INBRED
627	A508_ERR10290799	PRJEB56320	ERR10290799	A508
628	A619_SRR8907067	PRJNA531553	SRR8907067	A619
629	A619_CRR505216	PRJCA009749	CRR505216	A619
630	A632_SRR11301632	PRJNA609577	SRR11301632	A632
631	A632_SRR11301633	PRJNA609577	SRR11301633	A632
632	A651_ERR10290762	PRJEB56320	ERR10290762	A651
633	A659_SRR11302150	PRJNA609577	SRR11302150	A659
634	A662_ERR10290791	PRJEB56320	ERR10290791	A662
635	A673_ERR10290789	PRJEB56320	ERR10290789	A673
636	A801_SRR11302080	PRJNA609577	SRR11302080	A801
637	A96_ERR10290760	PRJEB56320	ERR10290760	A96
638	ACC.10003_SRR12460426	PRJNA641489	SRR12460426	ACC.10003
639	ACC.11083_SRR12460425	PRJNA641489	SRR12460425	ACC.11083
640	ACC.11352_SRR12460424	PRJNA641489	SRR12460424	ACC.11352
641	ACC.11353_SRR12460451	PRJNA641489	SRR12460451	ACC.11353
642	ACC.11354_SRR12460434	PRJNA641489	SRR12460434	ACC.11354
643	ACC.11355_SRR12460433	PRJNA641489	SRR12460433	ACC.11355
644	ACC.11356_SRR12460423	PRJNA641489	SRR12460423	ACC.11356
645	ACC.11357_SRR12460419	PRJNA641489	SRR12460419	ACC.11357
646	ACC.11358_SRR12460418	PRJNA641489	SRR12460418	ACC.11358
647	ACC.11359_SRR12460416	PRJNA641489	SRR12460416	ACC.11359
648	ACC.11360_SRR12460415	PRJNA641489	SRR12460415	ACC.11360
649	ACC.11361_SRR12460414	PRJNA641489	SRR12460414	ACC.11361
650	ACC.11362_SRR12460413	PRJNA641489	SRR12460413	ACC.11362
651	ACC.11363_SRR12460412	PRJNA641489	SRR12460412	ACC.11363
652	ACC.11364_SRR12460411	PRJNA641489	SRR12460411	ACC.11364
653	ACC.11365_SRR12460422	PRJNA641489	SRR12460422	ACC.11365
654	ACC.11366_SRR12460421	PRJNA641489	SRR12460421	ACC.11366
655	ACC.11367_SRR12460420	PRJNA641489	SRR12460420	ACC.11367
656	ACC.11368_SRR12460410	PRJNA641489	SRR12460410	ACC.11368
657	ACC.11369_SRR12460405	PRJNA641489	SRR12460405	ACC.11369
658	ACC.11370_SRR12460404	PRJNA641489	SRR12460404	ACC.11370
659	ACC.11371_SRR12460403	PRJNA641489	SRR12460403	ACC.11371
660	ACC.11372_SRR12460402	PRJNA641489	SRR12460402	ACC.11372
661	ACC.11373_SRR12460401	PRJNA641489	SRR12460401	ACC.11373
662	ACC.11374_SRR12460400	PRJNA641489	SRR12460400	ACC.11374
663	ACC.11375_SRR12460399	PRJNA641489	SRR12460399	ACC.11375
664	ACC.11376_SRR12460398	PRJNA641489	SRR12460398	ACC.11376
665	ACC.11377_SRR12460409	PRJNA641489	SRR12460409	ACC.11377
666	ACC.11378_SRR12460408	PRJNA641489	SRR12460408	ACC.11378
667	ACC.11383_SRR12460407	PRJNA641489	SRR12460407	ACC.11383
668	ACC.11384_SRR12460397	PRJNA641489	SRR12460397	ACC.11384
669	ACC.11385_SRR12460392	PRJNA641489	SRR12460392	ACC.11385
670	ACC.11386_SRR12460391	PRJNA641489	SRR12460391	ACC.11386
671	ACC.11387_SRR12460390	PRJNA641489	SRR12460390	ACC.11387
672	ACC.11388_SRR12460389	PRJNA641489	SRR12460389	ACC.11388
673	ACC.11389_SRR12460388	PRJNA641489	SRR12460388	ACC.11389
674	ACC.11390_SRR12460387	PRJNA641489	SRR12460387	ACC.11390
675	ACC.11391_SRR12460386	PRJNA641489	SRR12460386	ACC.11391
676	ACC.11392_SRR12460385	PRJNA641489	SRR12460385	ACC.11392
677	ACC.11393_SRR12460396	PRJNA641489	SRR12460396	ACC.11393
678	ACC.11394_SRR12460394	PRJNA641489	SRR12460394	ACC.11394
679	ACC.11395_SRR12460393	PRJNA641489	SRR12460393	ACC.11395
680	ACC.11396_SRR12460383	PRJNA641489	SRR12460383	ACC.11396
681	ACC.11397_SRR12460379	PRJNA641489	SRR12460379	ACC.11397
682	ACC.11398_SRR12460450	PRJNA641489	SRR12460450	ACC.11398
683	ACC.11399_SRR12460449	PRJNA641489	SRR12460449	ACC.11399
684	ACC.11400_SRR12460448	PRJNA641489	SRR12460448	ACC.11400
685	ACC.11401_SRR12460447	PRJNA641489	SRR12460447	ACC.11401
686	ACC.11402_SRR12460446	PRJNA641489	SRR12460446	ACC.11402
687	ACC.11403_SRR12460444	PRJNA641489	SRR12460444	ACC.11403
688	ACC.11404_SRR12460443	PRJNA641489	SRR12460443	ACC.11404
689	ACC.11405_SRR12460382	PRJNA641489	SRR12460382	ACC.11405
690	ACC.11406_SRR12460381	PRJNA641489	SRR12460381	ACC.11406
691	ACC.11407_SRR12460380	PRJNA641489	SRR12460380	ACC.11407
692	ACC.11408_SRR12460442	PRJNA641489	SRR12460442	ACC.11408
693	ACC.11409_SRR12460438	PRJNA641489	SRR12460438	ACC.11409
694	ACC.11410_SRR12460437	PRJNA641489	SRR12460437	ACC.11410
695	ACC.12823_SRR12460436	PRJNA641489	SRR12460436	ACC.12823
696	ACC.12824_SRR12460435	PRJNA641489	SRR12460435	ACC.12824
697	ACC.12825_SRR12460348	PRJNA641489	SRR12460348	ACC.12825
698	ACC.13788_SRR12460530	PRJNA641489	SRR12460530	ACC.13788
699	ACC.13789_SRR12460529	PRJNA641489	SRR12460529	ACC.13789
700	ACC.13790_SRR12460528	PRJNA641489	SRR12460528	ACC.13790
701	ACC.13791_SRR12460441	PRJNA641489	SRR12460441	ACC.13791
702	ACC.13792_SRR12460440	PRJNA641489	SRR12460440	ACC.13792
703	ACC.13793_SRR12460439	PRJNA641489	SRR12460439	ACC.13793
704	ACC.27215_SRR12460527	PRJNA641489	SRR12460527	ACC.27215
705	ACC.27216_SRR12460523	PRJNA641489	SRR12460523	ACC.27216
706	ACC.27217_SRR12460522	PRJNA641489	SRR12460522	ACC.27217
707	ACC.27218_SRR12460520	PRJNA641489	SRR12460520	ACC.27218
708	ACC.27219_SRR12460519	PRJNA641489	SRR12460519	ACC.27219
709	ACC.27220_SRR12460518	PRJNA641489	SRR12460518	ACC.27220
710	ACC.27221_SRR12460517	PRJNA641489	SRR12460517	ACC.27221
711	ACC.27222_SRR12460516	PRJNA641489	SRR12460516	ACC.27222
712	ACC.27223_SRR12460515	PRJNA641489	SRR12460515	ACC.27223
713	ACC.27224_SRR12460526	PRJNA641489	SRR12460526	ACC.27224
714	ACC.27225_SRR12460525	PRJNA641489	SRR12460525	ACC.27225
715	ACC.27226_SRR12460524	PRJNA641489	SRR12460524	ACC.27226
716	ACC.27227_SRR12460514	PRJNA641489	SRR12460514	ACC.27227
717	ACC.27228_SRR12460509	PRJNA641489	SRR12460509	ACC.27228
718	ACC.27229_SRR12460508	PRJNA641489	SRR12460508	ACC.27229
719	ACC.27230_SRR12460507	PRJNA641489	SRR12460507	ACC.27230
720	ACC.27231_SRR12460506	PRJNA641489	SRR12460506	ACC.27231
721	ACC.27232_SRR12460505	PRJNA641489	SRR12460505	ACC.27232
722	ACC.27233_SRR12460504	PRJNA641489	SRR12460504	ACC.27233
723	ACC.27234_SRR12460503	PRJNA641489	SRR12460503	ACC.27234
724	ACC.27235_SRR12460502	PRJNA641489	SRR12460502	ACC.27235
725	ACC.27236_SRR12460513	PRJNA641489	SRR12460513	ACC.27236
726	ACC.27237_SRR12460512	PRJNA641489	SRR12460512	ACC.27237
727	ACC.27239_SRR12460511	PRJNA641489	SRR12460511	ACC.27239
728	ACC.27240_SRR12460501	PRJNA641489	SRR12460501	ACC.27240
729	ACC.27241_SRR12460496	PRJNA641489	SRR12460496	ACC.27241
730	ACC.27242_SRR12460495	PRJNA641489	SRR12460495	ACC.27242
731	ACC.27243_SRR12460494	PRJNA641489	SRR12460494	ACC.27243
732	ACC.27460_SRR12460493	PRJNA641489	SRR12460493	ACC.27460
733	ACC.27461_SRR12460492	PRJNA641489	SRR12460492	ACC.27461
734	ACC.27462_SRR12460491	PRJNA641489	SRR12460491	ACC.27462
735	ACC.27468_SRR12460490	PRJNA641489	SRR12460490	ACC.27468
736	ACC.27469_SRR12460489	PRJNA641489	SRR12460489	ACC.27469
737	ACC.27470_SRR12460500	PRJNA641489	SRR12460500	ACC.27470
738	ACC.27471_SRR12460498	PRJNA641489	SRR12460498	ACC.27471
739	ACC.27472_SRR12460497	PRJNA641489	SRR12460497	ACC.27472
740	ACC.27473_SRR12460487	PRJNA641489	SRR12460487	ACC.27473
741	ACC.27475_SRR12460483	PRJNA641489	SRR12460483	ACC.27475
742	ACC.27476_SRR12460482	PRJNA641489	SRR12460482	ACC.27476
743	ACC.27477_SRR12460481	PRJNA641489	SRR12460481	ACC.27477
744	ACC.27479a_SRR12460480	PRJNA641489	SRR12460480	ACC.27479a
745	ACC.27479b_SRR12460370	PRJNA641489	SRR12460370	ACC.27479b
746	ACC.27481a_SRR12460479	PRJNA641489	SRR12460479	ACC.27481a
747	ACC.27481b_SRR12460371	PRJNA641489	SRR12460371	ACC.27481b
748	ACC.27482_SRR12460375	PRJNA641489	SRR12460375	ACC.27482
749	ACC.27483_SRR12460373	PRJNA641489	SRR12460373	ACC.27483
750	ACC.27484_SRR12460486	PRJNA641489	SRR12460486	ACC.27484
751	ACC.27485_SRR12460485	PRJNA641489	SRR12460485	ACC.27485
752	ACC.27486_SRR12460484	PRJNA641489	SRR12460484	ACC.27486
753	ACC.27487_SRR12460372	PRJNA641489	SRR12460372	ACC.27487
754	ACC.27488_SRR12460369	PRJNA641489	SRR12460369	ACC.27488
755	ACC.27489_SRR12460368	PRJNA641489	SRR12460368	ACC.27489
756	ACC.27490_SRR12460367	PRJNA641489	SRR12460367	ACC.27490
757	ACC.27491_SRR12460366	PRJNA641489	SRR12460366	ACC.27491
758	ACC.27492_SRR12460365	PRJNA641489	SRR12460365	ACC.27492
759	ACC.27493_SRR12460364	PRJNA641489	SRR12460364	ACC.27493
760	ACC.27494_SRR12460362	PRJNA641489	SRR12460362	ACC.27494
761	ACC.27495_SRR12460361	PRJNA641489	SRR12460361	ACC.27495
762	ACC.29768_SRR12460360	PRJNA641489	SRR12460360	ACC.29768
763	ACC.29769_SRR12460356	PRJNA641489	SRR12460356	ACC.29769
764	ACC.29770_SRR12460355	PRJNA641489	SRR12460355	ACC.29770
765	ACC.29771_SRR12460354	PRJNA641489	SRR12460354	ACC.29771
766	ACC.29772_SRR12460353	PRJNA641489	SRR12460353	ACC.29772
767	ACC.29774_SRR12460351	PRJNA641489	SRR12460351	ACC.29774
768	ACC.29776_SRR12460350	PRJNA641489	SRR12460350	ACC.29776
769	ACC.29777_SRR12460349	PRJNA641489	SRR12460349	ACC.29777
770	ACC.29778_SRR12460347	PRJNA641489	SRR12460347	ACC.29778
771	ACC.29779_SRR12460359	PRJNA641489	SRR12460359	ACC.29779
772	ACC.29780_SRR12460358	PRJNA641489	SRR12460358	ACC.29780
773	ACC.29783_SRR12460357	PRJNA641489	SRR12460357	ACC.29783
774	ACC.29785_SRR12460478	PRJNA641489	SRR12460478	ACC.29785
775	ACC.29786_SRR12460477	PRJNA641489	SRR12460477	ACC.29786
776	ACC.29787_SRR12460476	PRJNA641489	SRR12460476	ACC.29787
777	ACC.29788_SRR12460475	PRJNA641489	SRR12460475	ACC.29788
778	ACC.29791_SRR12460474	PRJNA641489	SRR12460474	ACC.29791
779	ACC.29792_SRR12460473	PRJNA641489	SRR12460473	ACC.29792
780	ACC.29793_SRR12460471	PRJNA641489	SRR12460471	ACC.29793
781	ACC.29796_SRR12460470	PRJNA641489	SRR12460470	ACC.29796
782	ACC.29798_SRR12460469	PRJNA641489	SRR12460469	ACC.29798
783	ACC.8749_SRR12460378	PRJNA641489	SRR12460378	ACC.8749
784	ACC.8750_SRR12460455	PRJNA641489	SRR12460455	ACC.8750
785	ACC.8751_SRR12460428	PRJNA641489	SRR12460428	ACC.8751
786	ACC.8752_SRR12460417	PRJNA641489	SRR12460417	ACC.8752
787	ACC.8753_SRR12460406	PRJNA641489	SRR12460406	ACC.8753
788	ACC.8754_SRR12460395	PRJNA641489	SRR12460395	ACC.8754
789	ACC.8755_SRR12460384	PRJNA641489	SRR12460384	ACC.8755
790	ACC.8756_SRR12460445	PRJNA641489	SRR12460445	ACC.8756
791	ACC.8758_SRR12460376	PRJNA641489	SRR12460376	ACC.8758
792	ACC.8759_SRR12460377	PRJNA641489	SRR12460377	ACC.8759
793	ACC.8760_SRR12460466	PRJNA641489	SRR12460466	ACC.8760
794	ACC.8762_SRR12460521	PRJNA641489	SRR12460521	ACC.8762
795	ACC.8763_SRR12460510	PRJNA641489	SRR12460510	ACC.8763
796	ACC.8764_SRR12460499	PRJNA641489	SRR12460499	ACC.8764
797	ACC.8765_SRR12460488	PRJNA641489	SRR12460488	ACC.8765
798	ACC.8766_SRR12460374	PRJNA641489	SRR12460374	ACC.8766
799	ACC.8767_SRR12460363	PRJNA641489	SRR12460363	ACC.8767
800	ACC.8768_SRR12460352	PRJNA641489	SRR12460352	ACC.8768
801	ACC.8769_SRR12460472	PRJNA641489	SRR12460472	ACC.8769
802	ACC.8770_SRR12460467	PRJNA641489	SRR12460467	ACC.8770
803	ACC.8774_SRR12460465	PRJNA641489	SRR12460465	ACC.8774
804	ACC.8775_SRR12460461	PRJNA641489	SRR12460461	ACC.8775
805	ACC.8776_SRR12460460	PRJNA641489	SRR12460460	ACC.8776
806	ACC.8777_SRR12460459	PRJNA641489	SRR12460459	ACC.8777
807	ACC.8778_SRR12460458	PRJNA641489	SRR12460458	ACC.8778
808	ACC.8779_SRR12460457	PRJNA641489	SRR12460457	ACC.8779
809	ACC.8780_SRR12460456	PRJNA641489	SRR12460456	ACC.8780
810	ACC.8781_SRR12460454	PRJNA641489	SRR12460454	ACC.8781
811	ACC.8782_SRR12460453	PRJNA641489	SRR12460453	ACC.8782
812	ACC.8783_SRR12460464	PRJNA641489	SRR12460464	ACC.8783
813	ACC.8784_SRR12460463	PRJNA641489	SRR12460463	ACC.8784
814	ACC.8785_SRR12460462	PRJNA641489	SRR12460462	ACC.8785
815	ACC.8837_SRR12460452	PRJNA641489	SRR12460452	ACC.8837
816	ACC.9475_SRR12460432	PRJNA641489	SRR12460432	ACC.9475
817	ACC.9476_SRR12460431	PRJNA641489	SRR12460431	ACC.9476
818	ACC.9477_SRR12460430	PRJNA641489	SRR12460430	ACC.9477
819	ACC.9478_SRR12460429	PRJNA641489	SRR12460429	ACC.9478
820	ACC.9479_SRR12460427	PRJNA641489	SRR12460427	ACC.9479
821	AH83_ERR10290797	PRJEB56320	ERR10290797	AH83
822	Aiji205_SRR11302010	PRJNA609577	SRR11302010	Aiji205
823	Aijin525_SRR11301606	PRJNA609577	SRR11301606	Aijin525
824	Ak3_inra_ERR1462652	PRJEB14212	ERR1462652	Ak3_inra
825	AM0776_ERR10290780	PRJEB56320	ERR10290780	AM0776
826	Ames 21863_SRR18441561	PRJNA816255	SRR18441561	Ames 21863
827	Ames 21864_SRR18441550	PRJNA816255	SRR18441550	Ames 21864
828	Ames 21865_SRR18441539	PRJNA816255	SRR18441539	Ames 21865
829	Ames 21867_SRR18441535	PRJNA816255	SRR18441535	Ames 21867
830	Ames 21870_SRR18441557	PRJNA816255	SRR18441557	Ames 21870
831	Ames 21871_SRR18441556	PRJNA816255	SRR18441556	Ames 21871
832	Ames 21872_SRR18441555	PRJNA816255	SRR18441555	Ames 21872
833	Ames 21873_SRR18441554	PRJNA816255	SRR18441554	Ames 21873
834	Ames 21874_SRR18441553	PRJNA816255	SRR18441553	Ames 21874
835	Ames 21875_SRR18441552	PRJNA816255	SRR18441552	Ames 21875
836	Ames 21877_SRR18441534	PRJNA816255	SRR18441534	Ames 21877
837	Ames 21878_SRR18441533	PRJNA816255	SRR18441533	Ames 21878
838	Ames 21879_SRR18441532	PRJNA816255	SRR18441532	Ames 21879
839	Ames 21882_SRR18441551	PRJNA816255	SRR18441551	Ames 21882
840	Ames 21884_SRR18441549	PRJNA816255	SRR18441549	Ames 21884
841	Ames 2317_SRR18441548	PRJNA816255	SRR18441548	Ames 2317
842	An441A_CRR504296	PRJCA009749	CRR504296	An441A
843	AR210_inra_ERR1462651	PRJEB14212	ERR1462651	AR210_inra
844	AR228_ERR10290794	PRJEB56320	ERR10290794	AR228
845	Arica4_SRR7477672	PRJNA479960	SRR7477672	Arica4
846	Arica5_SRR7477671	PRJNA479960	SRR7477671	Arica5
847	ARZM01097_CIMMYT_ERR1462698	PRJEB14212	ERR1462698	ARZM01097_CIMMYT
848	ARZM07086_CIMMYT_ERR1462699	PRJEB14212	ERR1462699	ARZM07086_CIMMYT
849	Ay420_SRR11302134	PRJNA609577	SRR11302134	Ay420
850	B-18_INBR_FR_SU_ERR10290778	PRJEB56320	ERR10290778	B-18_INBR_FR_SU
851	B100_SRR11301625	PRJNA609577	SRR11301625	B100
852	B100_SRR11301626	PRJNA609577	SRR11301626	B100
853	B101_ERR10290773	PRJEB56320	ERR10290773	B101
854	B106_ERR10290781	PRJEB56320	ERR10290781	B106
855	B11_SRR8907056	PRJNA531553	SRR8907056	B11
856	B110_SRR8907064	PRJNA531553	SRR8907064	B110
857	B111_SRR8906762	PRJNA531553	SRR8906762	B111
858	B113_SRR8907037	PRJNA531553	SRR8907037	B113
859	B114_SRR8906933	PRJNA531553	SRR8906933	B114
860	B12_SRR11302133	PRJNA609577	SRR11302133	B12
861	B12_CRR504988	PRJCA009749	CRR504988	B12
862	B14_SRR11301999	PRJNA609577	SRR11301999	B14
863	B151_SRR8906988	PRJNA531553	SRR8906988	B151
864	B17_CRR504549	PRJCA009749	CRR504549	B17
865	B37_SRR11302144	PRJNA609577	SRR11302144	B37
866	B42_ERR10290752	PRJEB56320	ERR10290752	B42
867	B47_CRR505455	PRJCA009749	CRR505455	B47
868	B54_ERR10290753	PRJEB56320	ERR10290753	B54
869	B57_SRR11301791	PRJNA609577	SRR11301791	B57
870	B57_SRR11301792	PRJNA609577	SRR11301792	B57
871	B64_SRR11301798	PRJNA609577	SRR11301798	B64
872	B64_SRR11301799	PRJNA609577	SRR11301799	B64
873	B69_SRR11301793	PRJNA609577	SRR11301793	B69
874	B69_SRR11301794	PRJNA609577	SRR11301794	B69
875	B73_SRR11301627	PRJNA609577	SRR11301627	B73
876	B73_SRR11301629	PRJNA609577	SRR11301629	B73
877	B73_SRR1575495	PRJNA260788	SRR1575495	B73
878	B73_SRR5991979	PRJNA399729	SRR5991979	B73
879	B73_SRR8907142	PRJNA531553	SRR8907142	B73
880	B73_v5rep1_ERR3288215	PRJEB32225	ERR3288215	B73_v5 rep1
881	B73_v5rep2_ERR3288216	PRJEB32225	ERR3288216	B73_v5 rep2
882	B73_v5rep3_ERR3288217	PRJEB32225	ERR3288217	B73_v5 rep3
883	B73_v5rep4_ERR3288218	PRJEB32225	ERR3288218	B73_v5 rep4
884	B76_SRR11301621	PRJNA609577	SRR11301621	B76
885	B76_SRR11301622	PRJNA609577	SRR11301622	B76
886	B77_SRR8906706	PRJNA531553	SRR8906706	B77
887	B8_SRR11301810	PRJNA609577	SRR11301810	B8
888	B8_SRR11301811	PRJNA609577	SRR11301811	B8
889	B8_SRR11301812	PRJNA609577	SRR11301812	B8
890	B90_ERR10290767	PRJEB56320	ERR10290767	B90
891	B91_ERR10290766	PRJEB56320	ERR10290766	B91
892	B95_SRR11301623	PRJNA609577	SRR11301623	B95
893	B95_SRR11301624	PRJNA609577	SRR11301624	B95
894	B97_CRR504858	PRJCA009749	CRR504858	B97
895	B97rep1_ERR3307809	PRJEB31061	ERR3307809	B97 rep1
896	B97rep2_ERR3307810	PRJEB31061	ERR3307810	B97 rep2
897	B97rep3_ERR3307811	PRJEB31061	ERR3307811	B97 rep3
898	B97rep4_ERR3307812	PRJEB31061	ERR3307812	B97 rep4
899	B98_SRR11302153	PRJNA609577	SRR11302153	B98
900	B99_ERR10290748	PRJEB56320	ERR10290748	B99
901	Baihe43_SRR11301829	PRJNA609577	SRR11301829	Baihe43
902	Baihunhuang_SRR11302102	PRJNA609577	SRR11302102	Baihunhuang
903	BaiU8112_CRR505105	PRJCA009749	CRR505105	BaiU8112
904	Baiye4_SRR11301973	PRJNA609577	SRR11301973	Baiye4
905	BCC03_SRR11301751	PRJNA609577	SRR11301751	BCC03
906	BCC03_SRR11301753	PRJNA609577	SRR11301753	BCC03
907	BEI10-NORTH10_ERR10290123	PRJEB56320	ERR10290123	BEI10-NORTH10
908	BEM_SRR8907141	PRJNA531553	SRR8907141	BEM
909	BGY_SRR8907022	PRJNA531553	SRR8907022	BGY
910	BK_SRR8906668	PRJNA531553	SRR8906668	BK
911	BS16_SRR8906761	PRJNA531553	SRR8906761	BS16
912	BT1_SRR8906640	PRJNA531553	SRR8906640	BT1
913	BY4839_SRR8906932	PRJNA531553	SRR8906932	BY4839
914	BY4944_SRR8907020	PRJNA531553	SRR8907020	BY4944
915	BY4960_SRR8907153	PRJNA531553	SRR8907153	BY4960
916	BY804_SRR8907123	PRJNA531553	SRR8907123	BY804
917	BY807_SRR8906763	PRJNA531553	SRR8906763	BY807
918	BY809_SRR8907024	PRJNA531553	SRR8907024	BY809
919	BY813_SRR8906984	PRJNA531553	SRR8906984	BY813
920	BY815_SRR8906664	PRJNA531553	SRR8906664	BY815
921	BY843_SRR8906839	PRJNA531553	SRR8906839	BY843
922	BY855_SRR8906980	PRJNA531553	SRR8906980	BY855
923	BZN_SRR11301630	PRJNA609577	SRR11301630	BZN
924	BZN_SRR11301631	PRJNA609577	SRR11301631	BZN
925	BZN_SRR8906746	PRJNA531553	SRR8906746	BZN
926	C052_CRR505190	PRJCA009749	CRR505190	C052
927	C061_CRR505191	PRJCA009749	CRR505191	C061
928	C102_ERR10290763	PRJEB56320	ERR10290763	C102
929	C102_SRR11301658	PRJNA609577	SRR11301658	C102
930	C103_SRR11301987	PRJNA609577	SRR11301987	C103
931	C123_SRR11301728	PRJNA609577	SRR11301728	C123
932	C15_ERR10290764	PRJEB56320	ERR10290764	C15
933	C42_ERR10290757	PRJEB56320	ERR10290757	C42
934	C46_SRR11301825	PRJNA609577	SRR11301825	C46
935	C46_SRR11301826	PRJNA609577	SRR11301826	C46
936	C68_ERR10290759	PRJEB56320	ERR10290759	C68
937	C822_CRR504799	PRJCA009749	CRR504799	C822
938	C8605_SRR8907003	PRJNA531553	SRR8907003	C8605
939	C8605_2_SRR11302043	PRJNA609577	SRR11302043	C8605_2
940	C8605_2_SRR11302044	PRJNA609577	SRR11302044	C8605_2
941	C8605_2_CRR504158	PRJCA009749	CRR504158	C8605_2
942	CAW4w_CRR504511	PRJCA009749	CRR504511	CAW4w
943	CF3_SRR8906841	PRJNA531553	SRR8906841	CF3
944	CG10_ERR10290758	PRJEB56320	ERR10290758	CG10
945	CH10_SRR1575496	PRJNA260788	SRR1575496	CH10
946	CH10-4_ethz_ERR1462653	PRJEB14212	ERR1462653	CH10-4_ethz
947	CH19-1_ethz_ERR1462654	PRJEB14212	ERR1462654	CH19-1_ethz
948	CH34_ethz_ERR1462655	PRJEB14212	ERR1462655	CH34_ethz
949	CH36_ethz_ERR1462656	PRJEB14212	ERR1462656	CH36_ethz
950	CH446A_ethz_ERR1462657	PRJEB14212	ERR1462657	CH446A_ethz
951	Chang3_SRR11301861	PRJNA609577	SRR11301861	Chang3
952	Chang3_SRR11301862	PRJNA609577	SRR11301862	Chang3
953	CHANG3_SRR8906905	PRJNA531553	SRR8906905	CHANG3
954	Chang7_2_CRR504887	PRJCA009749	CRR504887	Chang7_2
955	CHANG7-2_SRR8907086	PRJNA531553	SRR8907086	CHANG7-2
956	Chang72_SRR11301763	PRJNA609577	SRR11301763	Chang72
957	Chang98_CRR504547	PRJCA009749	CRR504547	Chang98
958	Chen322_CRR505698	PRJCA009749	CRR505698	Chen322
959	Cheng18_SRR11302061	PRJNA609577	SRR11302061	Cheng18
960	Cheng435_CRR504996	PRJCA009749	CRR504996	Cheng435
961	Cheng687_SRR11301688	PRJNA609577	SRR11301688	Cheng687
962	CHENG698_SRR8906937	PRJNA531553	SRR8906937	CHENG698
963	Chengbei711_CRR504959	PRJCA009749	CRR504959	Chengbei711
964	CHI-TAN120_ERR10290761	PRJEB56320	ERR10290761	CHI-TAN120
965	CHUAN48-2_SRR8906930	PRJNA531553	SRR8906930	CHUAN48-2
966	CI40H_ERR10290765	PRJEB56320	ERR10290765	CI40H
967	CI540_ERR10290756	PRJEB56320	ERR10290756	CI540
968	CI66_SRR11301782	PRJNA609577	SRR11301782	CI66
969	CI66_SRR11301783	PRJNA609577	SRR11301783	CI66
970	CI7_SRR8906907	PRJNA531553	SRR8906907	CI7
971	CI90C_ERR10290117	PRJEB56320	ERR10290117	CI90C
972	CI91B_ERR10290115	PRJEB56320	ERR10290115	CI91B
973	CIMBL1_SRR8906869	PRJNA531553	SRR8906869	CIMBL1
974	CIMBL10_SRR8906726	PRJNA531553	SRR8906726	CIMBL10
975	CIMBL100_SRR8906806	PRJNA531553	SRR8906806	CIMBL100
976	CIMBL101_SRR8906910	PRJNA531553	SRR8906910	CIMBL101
977	CIMBL102_SRR8906818	PRJNA531553	SRR8906818	CIMBL102
978	CIMBL104_SRR8906882	PRJNA531553	SRR8906882	CIMBL104
979	CIMBL105_SRR8906959	PRJNA531553	SRR8906959	CIMBL105
980	CIMBL106_SRR8906884	PRJNA531553	SRR8906884	CIMBL106
981	CIMBL107_SRR8906804	PRJNA531553	SRR8906804	CIMBL107
982	CIMBL108_SRR8906948	PRJNA531553	SRR8906948	CIMBL108
983	CIMBL109_SRR8906676	PRJNA531553	SRR8906676	CIMBL109
984	CIMBL11_SRR8906719	PRJNA531553	SRR8906719	CIMBL11
985	CIMBL110_SRR8906678	PRJNA531553	SRR8906678	CIMBL110
986	CIMBL111_SRR8906639	PRJNA531553	SRR8906639	CIMBL111
987	CIMBL112_SRR8906978	PRJNA531553	SRR8906978	CIMBL112
988	CIMBL113_SRR8906913	PRJNA531553	SRR8906913	CIMBL113
989	CIMBL114_SRR8907104	PRJNA531553	SRR8907104	CIMBL114
990	CIMBL115_SRR8906810	PRJNA531553	SRR8906810	CIMBL115
991	CIMBL116_SRR8906964	PRJNA531553	SRR8906964	CIMBL116
992	CIMBL117_SRR8906923	PRJNA531553	SRR8906923	CIMBL117
993	CIMBL118_SRR8906777	PRJNA531553	SRR8906777	CIMBL118
994	CIMBL119_SRR8907106	PRJNA531553	SRR8907106	CIMBL119
995	CIMBL120_SRR8906875	PRJNA531553	SRR8906875	CIMBL120
996	CIMBL121_SRR8906799	PRJNA531553	SRR8906799	CIMBL121
997	CIMBL122_SRR8906890	PRJNA531553	SRR8906890	CIMBL122
998	CIMBL123_SRR8906999	PRJNA531553	SRR8906999	CIMBL123
999	CIMBL124_SRR8906793	PRJNA531553	SRR8906793	CIMBL124
1000	CIMBL125_SRR8906885	PRJNA531553	SRR8906885	CIMBL125
1001	CIMBL126_SRR8907050	PRJNA531553	SRR8907050	CIMBL126
1002	CIMBL127_SRR8906729	PRJNA531553	SRR8906729	CIMBL127
1003	CIMBL128_SRR8906880	PRJNA531553	SRR8906880	CIMBL128
1004	CIMBL129_SRR8907114	PRJNA531553	SRR8907114	CIMBL129
1005	CIMBL13_SRR8907054	PRJNA531553	SRR8907054	CIMBL13
1006	CIMBL130_SRR8907034	PRJNA531553	SRR8907034	CIMBL130
1007	CIMBL131_SRR8906713	PRJNA531553	SRR8906713	CIMBL131
1008	CIMBL132_SRR8906731	PRJNA531553	SRR8906731	CIMBL132
1009	CIMBL133_SRR8907044	PRJNA531553	SRR8907044	CIMBL133
1010	CIMBL134_SRR8906891	PRJNA531553	SRR8906891	CIMBL134
1011	CIMBL135_SRR8906674	PRJNA531553	SRR8906674	CIMBL135
1012	CIMBL136_SRR8907032	PRJNA531553	SRR8907032	CIMBL136
1013	CIMBL137_SRR8906667	PRJNA531553	SRR8906667	CIMBL137
1014	CIMBL138_SRR8907113	PRJNA531553	SRR8907113	CIMBL138
1015	CIMBL139_SRR8906957	PRJNA531553	SRR8906957	CIMBL139
1016	CIMBL14_SRR8907102	PRJNA531553	SRR8907102	CIMBL14
1017	CIMBL140_SRR8906673	PRJNA531553	SRR8906673	CIMBL140
1018	CIMBL141_SRR8906975	PRJNA531553	SRR8906975	CIMBL141
1019	CIMBL142_SRR8907030	PRJNA531553	SRR8907030	CIMBL142
1020	CIMBL143_SRR8906755	PRJNA531553	SRR8906755	CIMBL143
1021	CIMBL144_SRR8906956	PRJNA531553	SRR8906956	CIMBL144
1022	CIMBL145_SRR8906944	PRJNA531553	SRR8906944	CIMBL145
1023	CIMBL146_SRR8906646	PRJNA531553	SRR8906646	CIMBL146
1024	CIMBL147_SRR8907052	PRJNA531553	SRR8907052	CIMBL147
1025	CIMBL148_SRR8907043	PRJNA531553	SRR8907043	CIMBL148
1026	CIMBL149_SRR8906669	PRJNA531553	SRR8906669	CIMBL149
1027	CIMBL15_SRR8906654	PRJNA531553	SRR8906654	CIMBL15
1028	CIMBL150_SRR8906807	PRJNA531553	SRR8906807	CIMBL150
1029	CIMBL151_SRR8906974	PRJNA531553	SRR8906974	CIMBL151
1030	CIMBL152_SRR8906872	PRJNA531553	SRR8906872	CIMBL152
1031	CIMBL153_SRR8906754	PRJNA531553	SRR8906754	CIMBL153
1032	CIMBL154_SRR8906783	PRJNA531553	SRR8906783	CIMBL154
1033	CIMBL155_SRR8906653	PRJNA531553	SRR8906653	CIMBL155
1034	CIMBL156_SRR8906801	PRJNA531553	SRR8906801	CIMBL156
1035	CIMBL157_SRR8907029	PRJNA531553	SRR8907029	CIMBL157
1036	CIMBL16_SRR8906649	PRJNA531553	SRR8906649	CIMBL16
1037	CIMBL17_SRR8907049	PRJNA531553	SRR8907049	CIMBL17
1038	CIMBL18_SRR8906672	PRJNA531553	SRR8906672	CIMBL18
1039	CIMBL19_SRR8906917	PRJNA531553	SRR8906917	CIMBL19
1040	CIMBL2_SRR8906949	PRJNA531553	SRR8906949	CIMBL2
1041	CIMBL20_SRR8906892	PRJNA531553	SRR8906892	CIMBL20
1042	CIMBL21_SRR8906776	PRJNA531553	SRR8906776	CIMBL21
1043	CIMBL22_SRR8907055	PRJNA531553	SRR8907055	CIMBL22
1044	CIMBL23_SRR8906798	PRJNA531553	SRR8906798	CIMBL23
1045	CIMBL24_SRR8906753	PRJNA531553	SRR8906753	CIMBL24
1046	CIMBL25_SRR8906718	PRJNA531553	SRR8906718	CIMBL25
1047	CIMBL26_SRR8906878	PRJNA531553	SRR8906878	CIMBL26
1048	CIMBL27_SRR8906817	PRJNA531553	SRR8906817	CIMBL27
1049	CIMBL28_SRR8906675	PRJNA531553	SRR8906675	CIMBL28
1050	CIMBL29_SRR8906637	PRJNA531553	SRR8906637	CIMBL29
1051	CIMBL3_SRR8907033	PRJNA531553	SRR8907033	CIMBL3
1052	CIMBL30_SRR8907112	PRJNA531553	SRR8907112	CIMBL30
1053	CIMBL31_SRR8906677	PRJNA531553	SRR8906677	CIMBL31
1054	CIMBL32_SRR8906946	PRJNA531553	SRR8906946	CIMBL32
1055	CIMBL33_SRR8906723	PRJNA531553	SRR8906723	CIMBL33
1056	CIMBL34_SRR8906796	PRJNA531553	SRR8906796	CIMBL34
1057	CIMBL35_SRR8906808	PRJNA531553	SRR8906808	CIMBL35
1058	CIMBL36_SRR8906966	PRJNA531553	SRR8906966	CIMBL36
1059	CIMBL37_SRR8906670	PRJNA531553	SRR8906670	CIMBL37
1060	CIMBL38_SRR8906877	PRJNA531553	SRR8906877	CIMBL38
1061	CIMBL39_SRR8906655	PRJNA531553	SRR8906655	CIMBL39
1062	CIMBL4_SRR8907036	PRJNA531553	SRR8907036	CIMBL4
1063	CIMBL40_SRR8906867	PRJNA531553	SRR8906867	CIMBL40
1064	CIMBL41_SRR8906863	PRJNA531553	SRR8906863	CIMBL41
1065	CIMBL42_SRR8907048	PRJNA531553	SRR8907048	CIMBL42
1066	CIMBL43_SRR8906815	PRJNA531553	SRR8906815	CIMBL43
1067	CIMBL44_SRR8906866	PRJNA531553	SRR8906866	CIMBL44
1068	CIMBL45_SRR8906736	PRJNA531553	SRR8906736	CIMBL45
1069	CIMBL46_SRR8906740	PRJNA531553	SRR8906740	CIMBL46
1070	CIMBL47_SRR8907061	PRJNA531553	SRR8907061	CIMBL47
1071	CIMBL48_SRR8906947	PRJNA531553	SRR8906947	CIMBL48
1072	CIMBL49_SRR8906782	PRJNA531553	SRR8906782	CIMBL49
1073	CIMBL5_SRR8907045	PRJNA531553	SRR8907045	CIMBL5
1074	CIMBL50_SRR8906954	PRJNA531553	SRR8906954	CIMBL50
1075	CIMBL51_SRR8906648	PRJNA531553	SRR8906648	CIMBL51
1076	CIMBL52_SRR8907027	PRJNA531553	SRR8907027	CIMBL52
1077	CIMBL53_SRR8906711	PRJNA531553	SRR8906711	CIMBL53
1078	CIMBL54_SRR8906721	PRJNA531553	SRR8906721	CIMBL54
1079	CIMBL56_SRR8906781	PRJNA531553	SRR8906781	CIMBL56
1080	CIMBL57_SRR8906813	PRJNA531553	SRR8906813	CIMBL57
1081	CIMBL58_SRR8906925	PRJNA531553	SRR8906925	CIMBL58
1082	CIMBL58_CRR505129	PRJCA009749	CRR505129	CIMBL58
1083	CIMBL59_SRR8906733	PRJNA531553	SRR8906733	CIMBL59
1084	CIMBL6_SRR8907111	PRJNA531553	SRR8907111	CIMBL6
1085	CIMBL60_SRR8907103	PRJNA531553	SRR8907103	CIMBL60
1086	CIMBL61_SRR8907098	PRJNA531553	SRR8907098	CIMBL61
1087	CIMBL62_SRR8906914	PRJNA531553	SRR8906914	CIMBL62
1088	CIMBL63_SRR8907028	PRJNA531553	SRR8907028	CIMBL63
1089	CIMBL65_SRR8906756	PRJNA531553	SRR8906756	CIMBL65
1090	CIMBL66_SRR8906919	PRJNA531553	SRR8906919	CIMBL66
1091	CIMBL67_SRR8906911	PRJNA531553	SRR8906911	CIMBL67
1092	CIMBL68_SRR8906794	PRJNA531553	SRR8906794	CIMBL68
1093	CIMBL69_SRR8906797	PRJNA531553	SRR8906797	CIMBL69
1094	CIMBL7_SRR8906737	PRJNA531553	SRR8906737	CIMBL7
1095	CIMBL70_SRR8906739	PRJNA531553	SRR8906739	CIMBL70
1096	CIMBL71_SRR8906795	PRJNA531553	SRR8906795	CIMBL71
1097	CIMBL72_SRR8906958	PRJNA531553	SRR8906958	CIMBL72
1098	CIMBL73_SRR8907107	PRJNA531553	SRR8907107	CIMBL73
1099	CIMBL74_SRR8906873	PRJNA531553	SRR8906873	CIMBL74
1100	CIMBL75_SRR8906950	PRJNA531553	SRR8906950	CIMBL75
1101	CIMBL76_SRR8906971	PRJNA531553	SRR8906971	CIMBL76
1102	CIMBL77_SRR8906791	PRJNA531553	SRR8906791	CIMBL77
1103	CIMBL78_SRR8907059	PRJNA531553	SRR8907059	CIMBL78
1104	CIMBL79_SRR8906977	PRJNA531553	SRR8906977	CIMBL79
1105	CIMBL8_SRR8907046	PRJNA531553	SRR8907046	CIMBL8
1106	CIMBL80_SRR8907118	PRJNA531553	SRR8907118	CIMBL80
1107	CIMBL81_SRR8907115	PRJNA531553	SRR8907115	CIMBL81
1108	CIMBL82_SRR8906812	PRJNA531553	SRR8906812	CIMBL82
1109	CIMBL83_SRR8906909	PRJNA531553	SRR8906909	CIMBL83
1110	CIMBL84_SRR8906789	PRJNA531553	SRR8906789	CIMBL84
1111	CIMBL85_SRR8906864	PRJNA531553	SRR8906864	CIMBL85
1112	CIMBL86_SRR8907117	PRJNA531553	SRR8907117	CIMBL86
1113	CIMBL87_SRR8906750	PRJNA531553	SRR8906750	CIMBL87
1114	CIMBL88_SRR8906918	PRJNA531553	SRR8906918	CIMBL88
1115	CIMBL89_SRR8906968	PRJNA531553	SRR8906968	CIMBL89
1116	CIMBL9_SRR8906889	PRJNA531553	SRR8906889	CIMBL9
1117	CIMBL90_SRR8906976	PRJNA531553	SRR8906976	CIMBL90
1118	CIMBL91_SRR8906814	PRJNA531553	SRR8906814	CIMBL91
1119	CIMBL92_SRR8906679	PRJNA531553	SRR8906679	CIMBL92
1120	CIMBL93_SRR8906922	PRJNA531553	SRR8906922	CIMBL93
1121	CIMBL94_SRR8906920	PRJNA531553	SRR8906920	CIMBL94
1122	CIMBL95_SRR8906870	PRJNA531553	SRR8906870	CIMBL95
1123	CIMBL96_SRR8906710	PRJNA531553	SRR8906710	CIMBL96
1124	CIMBL97_SRR8907110	PRJNA531553	SRR8907110	CIMBL97
1125	CIMBL98_SRR8906805	PRJNA531553	SRR8906805	CIMBL98
1126	CIMBL99_SRR8906778	PRJNA531553	SRR8906778	CIMBL99
1127	CL17_ERR10290113	PRJEB56320	ERR10290113	CL17
1128	CL27_ERR10290751	PRJEB56320	ERR10290751	CL27
1129	CM105_SRR11301789	PRJNA609577	SRR11301789	CM105
1130	CM105_SRR11301790	PRJNA609577	SRR11301790	CM105
1131	CM37_SRR11301722	PRJNA609577	SRR11301722	CM37
1132	CM37_SRR11301723	PRJNA609577	SRR11301723	CM37
1133	CM48_ERR10290754	PRJEB56320	ERR10290754	CM48
1134	CM99_ERR10290747	PRJEB56320	ERR10290747	CM99
1135	CML103_ERR3307833	PRJEB31061	ERR3307833	CML103
1136	CML103_ERR3307834	PRJEB31061	ERR3307834	CML103
1137	CML103_ERR3307835	PRJEB31061	ERR3307835	CML103
1138	CML103_ERR3307836	PRJEB31061	ERR3307836	CML103
1139	CML103_SRR5976229	PRJNA399729	SRR5976229	CML103
1140	CML113_SRR8906734	PRJNA531553	SRR8906734	CML113
1141	CML114_SRR8906970	PRJNA531553	SRR8906970	CML114
1142	CML115_SRR8906868	PRJNA531553	SRR8906868	CML115
1143	CML118_SRR8906800	PRJNA531553	SRR8906800	CML118
1144	CML121_SRR8906816	PRJNA531553	SRR8906816	CML121
1145	CML122_SRR8907031	PRJNA531553	SRR8907031	CML122
1146	CML130_SRR8906887	PRJNA531553	SRR8906887	CML130
1147	CML134_SRR8906712	PRJNA531553	SRR8906712	CML134
1148	CML139_SRR8907042	PRJNA531553	SRR8907042	CML139
1149	CML162_SRR8906881	PRJNA531553	SRR8906881	CML162
1150	CML163_SRR8906647	PRJNA531553	SRR8906647	CML163
1151	CML165_SRR8906785	PRJNA531553	SRR8906785	CML165
1152	CML168_SRR8906641	PRJNA531553	SRR8906641	CML168
1153	CML169_SRR8906780	PRJNA531553	SRR8906780	CML169
1154	CML170_SRR8906871	PRJNA531553	SRR8906871	CML170
1155	CML171_SRR8906896	PRJNA531553	SRR8906896	CML171
1156	CML172_SRR8906722	PRJNA531553	SRR8906722	CML172
1157	CML189_SRR8906650	PRJNA531553	SRR8906650	CML189
1158	CML191_SRR8907101	PRJNA531553	SRR8907101	CML191
1159	CML192_SRR8906865	PRJNA531553	SRR8906865	CML192
1160	CML20_SRR8907058	PRJNA531553	SRR8907058	CML20
1161	CML223_SRR8906644	PRJNA531553	SRR8906644	CML223
1162	CML225_SRR8906940	PRJNA531553	SRR8906940	CML225
1163	CML226_SRR8906952	PRJNA531553	SRR8906952	CML226
1164	CML228_ERR3307837	PRJEB31061	ERR3307837	CML228
1165	CML228_ERR3307838	PRJEB31061	ERR3307838	CML228
1166	CML228_ERR3307839	PRJEB31061	ERR3307839	CML228
1167	CML228_ERR3307840	PRJEB31061	ERR3307840	CML228
1168	CML228_SRR8906784	PRJNA531553	SRR8906784	CML228
1169	CML229_SRR8906636	PRJNA531553	SRR8906636	CML229
1170	CML247_ERR3307841	PRJEB31061	ERR3307841	CML247
1171	CML247_ERR3307842	PRJEB31061	ERR3307842	CML247
1172	CML247_ERR3307843	PRJEB31061	ERR3307843	CML247
1173	CML247_ERR3307844	PRJEB31061	ERR3307844	CML247
1174	CML27_SRR8906939	PRJNA531553	SRR8906939	CML27
1175	CML277_ERR3307845	PRJEB31061	ERR3307845	CML277
1176	CML277_ERR3307846	PRJEB31061	ERR3307846	CML277
1177	CML277_ERR3307847	PRJEB31061	ERR3307847	CML277
1178	CML277_ERR3307848	PRJEB31061	ERR3307848	CML277
1179	CML28_SRR8906876	PRJNA531553	SRR8906876	CML28
1180	CML282_SRR8906973	PRJNA531553	SRR8906973	CML282
1181	CML285_SRR8907105	PRJNA531553	SRR8907105	CML285
1182	CML286_SRR8906779	PRJNA531553	SRR8906779	CML286
1183	CML287_SRR8906951	PRJNA531553	SRR8906951	CML287
1184	CML289_SRR8906967	PRJNA531553	SRR8906967	CML289
1185	CML29_SRR8906717	PRJNA531553	SRR8906717	CML29
1186	CML290_SRR8906720	PRJNA531553	SRR8906720	CML290
1187	CML298_SRR8906953	PRJNA531553	SRR8906953	CML298
1188	CML300_SRR8906714	PRJNA531553	SRR8906714	CML300
1189	CML304_SRR8906960	PRJNA531553	SRR8906960	CML304
1190	CML305_SRR8906811	PRJNA531553	SRR8906811	CML305
1191	CML307_SRR8906888	PRJNA531553	SRR8906888	CML307
1192	CML31_SRR8906790	PRJNA531553	SRR8906790	CML31
1193	CML32_SRR8907035	PRJNA531553	SRR8907035	CML32
1194	CML322_ERR3307849	PRJEB31061	ERR3307849	CML322
1195	CML322_ERR3307850	PRJEB31061	ERR3307850	CML322
1196	CML322_ERR3307851	PRJEB31061	ERR3307851	CML322
1197	CML322_ERR3307852	PRJEB31061	ERR3307852	CML322
1198	CML322_CRR504861	PRJCA009749	CRR504861	CML322
1199	CML323_SRR8906921	PRJNA531553	SRR8906921	CML323
1200	CML324_SRR8906792	PRJNA531553	SRR8906792	CML324
1201	CML325_SRR8907099	PRJNA531553	SRR8907099	CML325
1202	CML326_SRR8907038	PRJNA531553	SRR8907038	CML326
1203	CML327_SRR8906945	PRJNA531553	SRR8906945	CML327
1204	CML333_ERR3307853	PRJEB31061	ERR3307853	CML333
1205	CML333_ERR3307854	PRJEB31061	ERR3307854	CML333
1206	CML333_ERR3307855	PRJEB31061	ERR3307855	CML333
1207	CML333_ERR3307856	PRJEB31061	ERR3307856	CML333
1208	CML333_CRR504862	PRJCA009749	CRR504862	CML333
1209	CML338_SRR8906874	PRJNA531553	SRR8906874	CML338
1210	CML360_SRR8906642	PRJNA531553	SRR8906642	CML360
1211	CML361_SRR8906962	PRJNA531553	SRR8906962	CML361
1212	CML364_SRR8906730	PRJNA531553	SRR8906730	CML364
1213	CML395_ERR10290749	PRJEB56320	ERR10290749	CML395
1214	CML40_SRR8906879	PRJNA531553	SRR8906879	CML40
1215	CML408_SRR8906858	PRJNA531553	SRR8906858	CML408
1216	CML411_SRR8906803	PRJNA531553	SRR8906803	CML411
1217	CML412_SRR8907051	PRJNA531553	SRR8907051	CML412
1218	CML415_SRR8906735	PRJNA531553	SRR8906735	CML415
1219	CML422_SRR8907057	PRJNA531553	SRR8907057	CML422
1220	CML423_SRR8906738	PRJNA531553	SRR8906738	CML423
1221	CML426_SRR8906643	PRJNA531553	SRR8906643	CML426
1222	CML428_SRR8906809	PRJNA531553	SRR8906809	CML428
1223	CML431_SRR8906972	PRJNA531553	SRR8906972	CML431
1224	CML432_SRR8906853	PRJNA531553	SRR8906853	CML432
1225	CML433_SRR8906671	PRJNA531553	SRR8906671	CML433
1226	CML451_SRR8906725	PRJNA531553	SRR8906725	CML451
1227	CML454_SRR8906732	PRJNA531553	SRR8906732	CML454
1228	CML465_SRR8907060	PRJNA531553	SRR8907060	CML465
1229	CML468_SRR8907109	PRJNA531553	SRR8907109	CML468
1230	CML470_SRR8906802	PRJNA531553	SRR8906802	CML470
1231	CML471_SRR8906961	PRJNA531553	SRR8906961	CML471
1232	CML473_SRR8906924	PRJNA531553	SRR8906924	CML473
1233	CML479_SRR8907053	PRJNA531553	SRR8907053	CML479
1234	CML480_SRR8906638	PRJNA531553	SRR8906638	CML480
1235	CML486_SRR8906727	PRJNA531553	SRR8906727	CML486
1236	CML493_SRR8906728	PRJNA531553	SRR8906728	CML493
1237	CML496_SRR8906886	PRJNA531553	SRR8906886	CML496
1238	CML497_SRR8906651	PRJNA531553	SRR8906651	CML497
1239	CML50_SRR8906916	PRJNA531553	SRR8906916	CML50
1240	CML51_SRR8906715	PRJNA531553	SRR8906715	CML51
1241	CML61_CRR504906	PRJCA009749	CRR504906	CML61
1242	CML69_ERR3307829	PRJEB31061	ERR3307829	CML69
1243	CML69_ERR3307830	PRJEB31061	ERR3307830	CML69
1244	CML69_ERR3307831	PRJEB31061	ERR3307831	CML69
1245	CML69_ERR3307832	PRJEB31061	ERR3307832	CML69
1246	CML69_SRR5976250	PRJNA399729	SRR5976250	CML69
1247	CML69_SRR5976252	PRJNA399729	SRR5976252	CML69
1248	CML69_SRR5976253	PRJNA399729	SRR5976253	CML69
1249	CML69_SRR5976255	PRJNA399729	SRR5976255	CML69
1250	CML69_SRR8906963	PRJNA531553	SRR8906963	CML69
1251	CN165_CRR505073	PRJCA009749	CRR505073	CN165
1252	CNH3754_CRR505488	PRJCA009749	CRR505488	CNH3754
1253	CO109_inra_ERR1462658	PRJEB14212	ERR1462658	CO109_inra
1254	CO117_ERR10290755	PRJEB56320	ERR10290755	CO117
1255	CO158_ERR10290750	PRJEB56320	ERR10290750	CO158
1256	CO192_ERR10290120	PRJEB56320	ERR10290120	CO192
1257	CO216_ERR10290122	PRJEB56320	ERR10290122	CO216
1258	CO236_ERR10290096	PRJEB56320	ERR10290096	CO236
1259	CO237_ERR10290121	PRJEB56320	ERR10290121	CO237
1260	CO245_ERR10290119	PRJEB56320	ERR10290119	CO245
1261	CO256_ERR10290116	PRJEB56320	ERR10290116	CO256
1262	CQ502_inra_ERR1462659	PRJEB14212	ERR1462659	CQ502_inra
1263	CQ702RC_CRR505360	PRJCA009749	CRR505360	CQ702RC
1264	CQ806_ERR10290114	PRJEB56320	ERR10290114	CQ806
1265	CS405_SRR11301932	PRJNA609577	SRR11301932	CS405
1266	CS405_SRR11301933	PRJNA609577	SRR11301933	CS405
1267	CS608_ERR10290118	PRJEB56320	ERR10290118	CS608
1268	CSJ3_ERR10290112	PRJEB56320	ERR10290112	CSJ3
1269	CT52C_SRR11301979	PRJNA609577	SRR11301979	CT52C
1270	CY72_SRR8906745	PRJNA531553	SRR8906745	CY72
1271	D047_SRR8907074	PRJNA531553	SRR8907074	D047
1272	D06_SRR1575497	PRJNA260788	SRR1575497	D06
1273	D09_SRR1575498	PRJNA260788	SRR1575498	D09
1274	D152_SRR1575499	PRJNA260788	SRR1575499	D152
1275	D183_CRR505715	PRJCA009749	CRR505715	D183
1276	D185_CRR505674	PRJCA009749	CRR505674	D185
1277	D863F_SRR8906929	PRJNA531553	SRR8906929	D863F
1278	D869_CRR504214	PRJCA009749	CRR504214	D869
1279	D886_CRR504217	PRJCA009749	CRR504217	D886
1280	Dahuang46_SRR11301784	PRJNA609577	SRR11301784	Dahuang46
1281	DAN3130_SRR8907040	PRJNA531553	SRR8907040	DAN3130
1282	Dan340_SRR11301849	PRJNA609577	SRR11301849	Dan340
1283	Dan340_SRR11301850	PRJNA609577	SRR11301850	Dan340
1284	DAN340_SRR8906840	PRJNA531553	SRR8906840	DAN340
1285	Dan341_SRR11301710	PRJNA609577	SRR11301710	Dan341
1286	Dan360_SRR11302028	PRJNA609577	SRR11302028	Dan360
1287	Dan360_SRR11302029	PRJNA609577	SRR11302029	Dan360
1288	DAN360_SRR8906903	PRJNA531553	SRR8906903	DAN360
1289	Dan360_CRR505752	PRJCA009749	CRR505752	Dan360
1290	DAN4245_SRR8907133	PRJNA531553	SRR8907133	DAN4245
1291	Dan598_SRR11302073	PRJNA609577	SRR11302073	Dan598
1292	Dan598_SRR11302074	PRJNA609577	SRR11302074	Dan598
1293	Dan598_SRR11302075	PRJNA609577	SRR11302075	Dan598
1294	DAN598_SRR8907006	PRJNA531553	SRR8907006	DAN598
1295	Dan598whitecob_CRR504472	PRJCA009749	CRR504472	Dan598whitecob
1296	Dan599_SRR11302058	PRJNA609577	SRR11302058	Dan599
1297	DAN599_SRR8906965	PRJNA531553	SRR8906965	DAN599
1298	DAN9046_SRR8907149	PRJNA531553	SRR8907149	DAN9046
1299	Dan99chang_SRR11301721	PRJNA609577	SRR11301721	Dan99chang
1300	Danhuang02_SRR11302052	PRJNA609577	SRR11302052	Danhuang02
1301	Danhuang02_SRR11302053	PRJNA609577	SRR11302053	Danhuang02
1302	Danhuang02_CRR504977	PRJCA009749	CRR504977	Danhuang02
1303	Daqiu36_CRR505110	PRJCA009749	CRR505110	Daqiu36
1304	DE.EX_SRR8907075	PRJNA531553	SRR8907075	DE.EX
1305	De811_CRR505119	PRJCA009749	CRR505119	De811
1306	Denghai4866_SRR11302118	PRJNA609577	SRR11302118	Denghai4866
1307	Denghai4866_SRR11302119	PRJNA609577	SRR11302119	Denghai4866
1308	DH29_SRR8906897	PRJNA531553	SRR8906897	DH29
1309	DH3732_SRR8906749	PRJNA531553	SRR8906749	DH3732
1310	DH382_CRR505660	PRJCA009749	CRR505660	DH382
1311	DH40_SRR11301889	PRJNA609577	SRR11301889	DH40
1312	DH65232_SRR11302091	PRJNA609577	SRR11302091	DH65232
1313	Dian11_SRR11302036	PRJNA609577	SRR11302036	Dian11
1314	Dian11_SRR11302038	PRJNA609577	SRR11302038	Dian11
1315	Diangu11A_SRR11302037	PRJNA609577	SRR11302037	Diangu11A
1316	DK105_SRR1575500	PRJNA260788	SRR1575500	DK105
1317	DK3IIH6_ERR10290111	PRJEB56320	ERR10290111	DK3IIH6
1318	DK6F545_ERR10290092	PRJEB56320	ERR10290092	DK6F545
1319	DK84BRQ4_ERR10290091	PRJEB56320	ERR10290091	DK84BRQ4
1320	DK8F196_ERR10290093	PRJEB56320	ERR10290093	DK8F196
1321	DK8M116_ERR10290109	PRJEB56320	ERR10290109	DK8M116
1322	DK8M129_ERR10290103	PRJEB56320	ERR10290103	DK8M129
1323	DKF274_ERR10290106	PRJEB56320	ERR10290106	DKF274
1324	DKM8_CRR504355	PRJCA009749	CRR504355	DKM8
1325	DKMBZA_ERR10290105	PRJEB56320	ERR10290105	DKMBZA
1326	DKMFD-13D_ERR10290100	PRJEB56320	ERR10290100	DKMFD-13D
1327	DKNL001_ERR10290102	PRJEB56320	ERR10290102	DKNL001
1328	DKWDAD1_ERR10290108	PRJEB56320	ERR10290108	DKWDAD1
1329	DN139_CRR504314	PRJCA009749	CRR504314	DN139
1330	DN1722_CRR504315	PRJCA009749	CRR504315	DN1722
1331	DN4402_CRR504319	PRJCA009749	CRR504319	DN4402
1332	Dong17_SRR11302059	PRJNA609577	SRR11302059	Dong17
1333	Dong237_SRR11301859	PRJNA609577	SRR11301859	Dong237
1334	Dong237_SRR11301860	PRJNA609577	SRR11301860	Dong237
1335	DONG237_SRR8907025	PRJNA531553	SRR8907025	DONG237
1336	Dong46_SRR11301547	PRJNA609577	SRR11301547	Dong46
1337	Dong46_SRR11301548	PRJNA609577	SRR11301548	Dong46
1338	Dong46_SRR11301872	PRJNA609577	SRR11301872	Dong46
1339	DONG46_SRR8906859	PRJNA531553	SRR8906859	DONG46
1340	Dong62072_CRR505405	PRJCA009749	CRR505405	Dong62072
1341	Dong96_CRR504383	PRJCA009749	CRR504383	Dong96
1342	Dongbeihu_CRR504161	PRJCA009749	CRR504161	Dongbeihu
1343	Ds_12a_CRR504802	PRJCA009749	CRR504802	Ds_12a
1344	DSB_SRR8906696	PRJNA531553	SRR8906696	DSB
1345	Duo229_CRR504982	PRJCA009749	CRR504982	Duo229
1346	DXA095_CRR504819	PRJCA009749	CRR504819	DXA095
1347	DXA105_CRR504820	PRJCA009749	CRR504820	DXA105
1348	DXB007_CRR504826	PRJCA009749	CRR504826	DXB007
1349	DXB060_CRR504828	PRJCA009749	CRR504828	DXB060
1350	DXB161_CRR504831	PRJCA009749	CRR504831	DXB161
1351	DXB165_CRR504833	PRJCA009749	CRR504833	DXB165
1352	DXB167_CRR504834	PRJCA009749	CRR504834	DXB167
1353	DXB171_CRR504835	PRJCA009749	CRR504835	DXB171
1354	DXB198_CRR504837	PRJCA009749	CRR504837	DXB198
1355	E101_CRR505193	PRJCA009749	CRR505193	E101
1356	E28_SRR8907083	PRJNA531553	SRR8907083	E28
1357	E8501_SRR11302197	PRJNA609577	SRR11302197	E8501
1358	E8501_SRR11302198	PRJNA609577	SRR11302198	E8501
1359	EC169_SRR1575501	PRJNA260788	SRR1575501	EC169
1360	EC49A_SRR1575502	PRJNA260788	SRR1575502	EC49A
1361	EM1197_inra_ERR1462709	PRJEB14212	ERR1462709	EM1197_inra
1362	EM1433_inra_ERR1462710	PRJEB14212	ERR1462710	EM1433_inra
1363	EM1712_inra_ERR1462711	PRJEB14212	ERR1462711	EM1712_inra
1364	EM2000_inra_ERR1462712	PRJEB14212	ERR1462712	EM2000_inra
1365	EN25_SRR8906744	PRJNA531553	SRR8906744	EN25
1366	ENG-LICHIH_ERR10290099	PRJEB56320	ERR10290099	ENG-LICHIH
1367	EP1_SRR1575503	PRJNA260788	SRR1575503	EP1
1368	EP4_csic_ERR1462660	PRJEB14212	ERR1462660	EP4_csic
1369	EP44_SRR1575504	PRJNA260788	SRR1575504	EP44
1370	EP80_csic_ERR1462661	PRJEB14212	ERR1462661	EP80_csic
1371	Ernan24_SRR11302017	PRJNA609577	SRR11302017	Ernan24
1372	Ernan24_SRR11302018	PRJNA609577	SRR11302018	Ernan24
1373	ES40_SRR8907144	PRJNA531553	SRR8907144	ES40
1374	EV18_csic_ERR1462662	PRJEB14212	ERR1462662	EV18_csic
1375	EZ4_csic_ERR1462663	PRJEB14212	ERR1462663	EZ4_csic
1376	EZ5_SRR1575505	PRJNA260788	SRR1575505	EZ5
1377	F03802_SRR1575506	PRJNA260788	SRR1575506	F03802
1378	F0903_CRR505546	PRJCA009749	CRR505546	F0903
1379	F115_ERR10290101	PRJEB56320	ERR10290101	F115
1380	F118_SRR11301950	PRJNA609577	SRR11301950	F118
1381	F118_SRR11301951	PRJNA609577	SRR11301951	F118
1382	F118_CRR505349	PRJCA009749	CRR505349	F118
1383	F2_SRR1575507	PRJNA260788	SRR1575507	F2
1384	F252_SRR1575508	PRJNA260788	SRR1575508	F252
1385	F283_SRR1575509	PRJNA260788	SRR1575509	F283
1386	F283_SRR2527695	PRJNA260788	SRR2527695	F283
1387	F353_SRR1575510	PRJNA260788	SRR1575510	F353
1388	F353_SRR2527696	PRJNA260788	SRR2527696	F353
1389	F39_inra_ERR1462672	PRJEB14212	ERR1462672	F39_inra
1390	F42_SRR11301978	PRJNA609577	SRR11301978	F42
1391	F44_ERR10290095	PRJEB56320	ERR10290095	F44
1392	F48_inra_ERR1462664	PRJEB14212	ERR1462664	F48_inra
1393	F618_SRR1575511	PRJNA260788	SRR1575511	F618
1394	F62_CRR505490	PRJCA009749	CRR505490	F62
1395	F64_SRR1575512	PRJNA260788	SRR1575512	F64
1396	F7_SRR1575513	PRJNA260788	SRR1575513	F7
1397	F759_inra_ERR1462666	PRJEB14212	ERR1462666	F759_inra
1398	F98902_SRR1575514	PRJNA260788	SRR1575514	F98902
1399	FAPW_CRR505482	PRJCA009749	CRR505482	FAPW
1400	FBLA_SRR11301585	PRJNA609577	SRR11301585	FBLA
1401	FBLA_SRR11301596	PRJNA609577	SRR11301596	FBLA
1402	FC16_inra_ERR1462673	PRJEB14212	ERR1462673	FC16_inra
1403	FC24_inra_ERR1462674	PRJEB14212	ERR1462674	FC24_inra
1404	FC25_inra_ERR1462676	PRJEB14212	ERR1462676	FC25_inra
1405	FC673_inra_ERR1462675	PRJEB14212	ERR1462675	FC673_inra
1406	FCD0602_SRR8906691	PRJNA531553	SRR8906691	FCD0602
1407	FE_ERR10290087	PRJEB56320	ERR10290087	FE
1408	Feng263_CRR504926	PRJCA009749	CRR504926	Feng263
1409	FF0721H-7_SRR1575515	PRJNA260788	SRR1575515	FF0721H-7
1410	FR218_CRR505045	PRJCA009749	CRR505045	FR218
1411	Fu8501_SRR11301893	PRJNA609577	SRR11301893	Fu8501
1412	Fu8529_CRR504985	PRJCA009749	CRR504985	Fu8529
1413	FusheA_SRR11302154	PRJNA609577	SRR11302154	FusheA
1414	FV1_inra_ERR1462668	PRJEB14212	ERR1462668	FV1_inra
1415	FV70_inra_ERR1462669	PRJEB14212	ERR1462669	FV70_inra
1416	FV72_inra_ERR1462670	PRJEB14212	ERR1462670	FV72_inra
1417	FV76_inra_ERR1462671	PRJEB14212	ERR1462671	FV76_inra
1418	G22T122_ERR10290085	PRJEB56320	ERR10290085	G22T122
1419	G285_CRR504480	PRJCA009749	CRR504480	G285
1420	G3T5A_ERR10290097	PRJEB56320	ERR10290097	G3T5A
1421	GA219_inra_ERR1462667	PRJEB14212	ERR1462667	GA219_inra
1422	Gan41_CRR504932	PRJCA009749	CRR504932	Gan41
1423	GE129_ERR10290098	PRJEB56320	ERR10290098	GE129
1424	GE54_ERR10290094	PRJEB56320	ERR10290094	GE54
1425	GEMS1_SRR8906883	PRJNA531553	SRR8906883	GEMS1
1426	GEMS1_CRR505750	PRJCA009749	CRR505750	GEMS1
1427	GEMS10_SRR8906823	PRJNA531553	SRR8906823	GEMS10
1428	GEMS11_SRR8907121	PRJNA531553	SRR8907121	GEMS11
1429	GEMS12_SRR8906701	PRJNA531553	SRR8906701	GEMS12
1430	GEMS13_SRR8907008	PRJNA531553	SRR8907008	GEMS13
1431	GEMS14_SRR8906742	PRJNA531553	SRR8906742	GEMS14
1432	GEMS15_SRR8906986	PRJNA531553	SRR8906986	GEMS15
1433	GEMS16_SRR8906895	PRJNA531553	SRR8906895	GEMS16
1434	GEMS17_SRR8906995	PRJNA531553	SRR8906995	GEMS17
1435	GEMS18_SRR8906849	PRJNA531553	SRR8906849	GEMS18
1436	GEMS18_CRR505748	PRJCA009749	CRR505748	GEMS18
1437	GEMS19_SRR8907019	PRJNA531553	SRR8907019	GEMS19
1438	GEMS2_SRR8907134	PRJNA531553	SRR8907134	GEMS2
1439	GEMS20_SRR8907066	PRJNA531553	SRR8907066	GEMS20
1440	GEMS21_SRR8906694	PRJNA531553	SRR8906694	GEMS21
1441	GEMS23_SRR8906846	PRJNA531553	SRR8906846	GEMS23
1442	GEMS24_SRR8906843	PRJNA531553	SRR8906843	GEMS24
1443	GEMS25_SRR8907146	PRJNA531553	SRR8907146	GEMS25
1444	GEMS27_SRR8907005	PRJNA531553	SRR8907005	GEMS27
1445	GEMS28_SRR8907014	PRJNA531553	SRR8907014	GEMS28
1446	GEMS28_CRR505138	PRJCA009749	CRR505138	GEMS28
1447	GEMS29_SRR8906765	PRJNA531553	SRR8906765	GEMS29
1448	GEMS3_SRR8906820	PRJNA531553	SRR8906820	GEMS3
1449	GEMS3_CRR505134	PRJCA009749	CRR505134	GEMS3
1450	GEMS30_SRR8906692	PRJNA531553	SRR8906692	GEMS30
1451	GEMS31_SRR8906832	PRJNA531553	SRR8906832	GEMS31
1452	GEMS32_SRR8906703	PRJNA531553	SRR8906703	GEMS32
1453	GEMS33_SRR8907136	PRJNA531553	SRR8907136	GEMS33
1454	GEMS35_SRR8906704	PRJNA531553	SRR8906704	GEMS35
1455	GEMS36_SRR8906663	PRJNA531553	SRR8906663	GEMS36
1456	GEMS37_SRR8907010	PRJNA531553	SRR8907010	GEMS37
1457	GEMS39_SRR8907096	PRJNA531553	SRR8907096	GEMS39
1458	GEMS4_SRR8906826	PRJNA531553	SRR8906826	GEMS4
1459	GEMS40_SRR8906699	PRJNA531553	SRR8906699	GEMS40
1460	GEMS41_SRR8906997	PRJNA531553	SRR8906997	GEMS41
1461	GEMS42_SRR8907015	PRJNA531553	SRR8907015	GEMS42
1462	GEMS43_SRR8906901	PRJNA531553	SRR8906901	GEMS43
1463	GEMS44_SRR8906852	PRJNA531553	SRR8906852	GEMS44
1464	GEMS45_SRR8906700	PRJNA531553	SRR8906700	GEMS45
1465	GEMS46_SRR8907135	PRJNA531553	SRR8907135	GEMS46
1466	GEMS47_SRR8907152	PRJNA531553	SRR8907152	GEMS47
1467	GEMS48_SRR8907139	PRJNA531553	SRR8907139	GEMS48
1468	GEMS49_SRR8906707	PRJNA531553	SRR8906707	GEMS49
1469	GEMS5_SRR8907097	PRJNA531553	SRR8907097	GEMS5
1470	GEMS50_SRR8907000	PRJNA531553	SRR8907000	GEMS50
1471	GEMS51_SRR8906775	PRJNA531553	SRR8906775	GEMS51
1472	GEMS52_SRR8906747	PRJNA531553	SRR8906747	GEMS52
1473	GEMS53_SRR8906908	PRJNA531553	SRR8906908	GEMS53
1474	GEMS54_SRR8907009	PRJNA531553	SRR8907009	GEMS54
1475	GEMS54_CRR505139	PRJCA009749	CRR505139	GEMS54
1476	GEMS55_SRR8906658	PRJNA531553	SRR8906658	GEMS55
1477	GEMS56_SRR8906687	PRJNA531553	SRR8906687	GEMS56
1478	GEMS57_SRR8907072	PRJNA531553	SRR8907072	GEMS57
1479	GEMS58_SRR8906998	PRJNA531553	SRR8906998	GEMS58
1480	GEMS59_SRR8906893	PRJNA531553	SRR8906893	GEMS59
1481	GEMS6_SRR8907069	PRJNA531553	SRR8907069	GEMS6
1482	GEMS60_SRR8906743	PRJNA531553	SRR8906743	GEMS60
1483	GEMS61_SRR8907016	PRJNA531553	SRR8907016	GEMS61
1484	GEMS62_SRR8906824	PRJNA531553	SRR8906824	GEMS62
1485	GEMS63_SRR8906851	PRJNA531553	SRR8906851	GEMS63
1486	GEMS64_SRR8907063	PRJNA531553	SRR8907063	GEMS64
1487	GEMS65_SRR8907073	PRJNA531553	SRR8907073	GEMS65
1488	GEMS65_CRR505140	PRJCA009749	CRR505140	GEMS65
1489	GEMS66_SRR8906772	PRJNA531553	SRR8906772	GEMS66
1490	GEMS9_SRR8906994	PRJNA531553	SRR8906994	GEMS9
1491	GM406_CRR505498	PRJCA009749	CRR505498	GM406
1492	Guan17_1_CRR505087	PRJCA009749	CRR505087	Guan17_1
1493	Guangyou5_CRR505008	PRJCA009749	CRR505008	Guangyou5
1494	GY1032_SRR8906906	PRJNA531553	SRR8906906	GY1032
1495	GY220_SRR8907088	PRJNA531553	SRR8907088	GY220
1496	GY237_SRR8907129	PRJNA531553	SRR8907129	GY237
1497	GY386_SRR8906752	PRJNA531553	SRR8906752	GY386
1498	GY386B_SRR8906774	PRJNA531553	SRR8906774	GY386B
1499	GY462_SRR8906992	PRJNA531553	SRR8906992	GY462
1500	GY798_SRR8907126	PRJNA531553	SRR8907126	GY798
1501	GY923_SRR8906833	PRJNA531553	SRR8906833	GY923
1502	H105W_SRR11302135	PRJNA609577	SRR11302135	H105W
1503	H122W_ERR10290082	PRJEB56320	ERR10290082	H122W
1504	H124W_ERR10290080	PRJEB56320	ERR10290080	H124W
1505	H14_ERR10290088	PRJEB56320	ERR10290088	H14
1506	H152_SRR11302050	PRJNA609577	SRR11302050	H152
1507	H152_SRR11302051	PRJNA609577	SRR11302051	H152
1508	H21_SRR11302019	PRJNA609577	SRR11302019	H21
1509	H21_SRR11302020	PRJNA609577	SRR11302020	H21
1510	H21_SRR8906666	PRJNA531553	SRR8906666	H21
1511	H446_CRR504538	PRJCA009749	CRR504538	H446
1512	H49_SRR11302070	PRJNA609577	SRR11302070	H49
1513	H52_ERR10290081	PRJEB56320	ERR10290081	H52
1514	H81_CRR504543	PRJCA009749	CRR504543	H81
1515	H84_SRR11301616	PRJNA609577	SRR11301616	H84
1516	H84_SRR11301618	PRJNA609577	SRR11301618	H84
1517	H8431_CRR505375	PRJCA009749	CRR505375	H8431
1518	H9442_CRR504203	PRJCA009749	CRR504203	H9442
1519	H95_SRR11301727	PRJNA609577	SRR11301727	H95
1520	H95_CRR505717	PRJCA009749	CRR505717	H95
1521	Hai014_SRR11301771	PRJNA609577	SRR11301771	Hai014
1522	Hai1134_SRR11301677	PRJNA609577	SRR11301677	Hai1134
1523	Hai1134_CRR504202	PRJCA009749	CRR504202	Hai1134
1524	Hai268_CRR505380	PRJCA009749	CRR505380	Hai268
1525	Hai9818_CRR504174	PRJCA009749	CRR504174	Hai9818
1526	HB_SRR8907138	PRJNA531553	SRR8907138	HB
1527	HB322_CRR504311	PRJCA009749	CRR504311	HB322
1528	HB410_CRR504305	PRJCA009749	CRR504305	HB410
1529	HB8229_CRR505322	PRJCA009749	CRR505322	HB8229
1530	HC2_CGJ_CRR505431	PRJCA009749	CRR505431	HC2_CGJ
1531	HD568_CRR505647	PRJCA009749	CRR505647	HD568
1532	HH4_CRR504537	PRJCA009749	CRR504537	HH4
1533	HI26_ERR10290083	PRJEB56320	ERR10290083	HI26
1534	HI28_ERR10290086	PRJEB56320	ERR10290086	HI28
1535	Hmes-21875_SRR18458790	PRJNA816255	SRR18458790	Hmes-21875
1536	hmp3_MAIdgiRABDIAAPEI-2_SRR5962709	PRJNA399729	SRR5962709	hmp3_MAIdgiRABDIAAPEI-2
1537	hmp3_MAIdgiRAKDIAAPEI-9_SRR5962818	PRJNA399729	SRR5962818	hmp3_MAIdgiRAKDIAAPEI-9
1538	hmp3_MAIdgiRAKDIAAPEI-9_SRR5962819	PRJNA399729	SRR5962819	hmp3_MAIdgiRAKDIAAPEI-9
1539	hmp3_MAIdgiRAMDIAAPEI-10_SRR5962700	PRJNA399729	SRR5962700	hmp3_MAIdgiRAMDIAAPEI-10
1540	hmp3_MAIdgiRAPDIAAPEI-12_SRR5962693	PRJNA399729	SRR5962693	hmp3_MAIdgiRAPDIAAPEI-12
1541	hmp3_MAIdgiRAPDIAAPEI-12_SRR5962694	PRJNA399729	SRR5962694	hmp3_MAIdgiRAPDIAAPEI-12
1542	hmp3_MAIdgiRARDIAAPEI-1_SRR5962739	PRJNA399729	SRR5962739	hmp3_MAIdgiRARDIAAPEI-1
1543	hmp3_MAIdgiRAVDIAAPEI-4_SRR5962745	PRJNA399729	SRR5962745	hmp3_MAIdgiRAVDIAAPEI-4
1544	hmp3_MAIdgiRAVDIAAPEI-4_SRR5962746	PRJNA399729	SRR5962746	hmp3_MAIdgiRAVDIAAPEI-4
1545	hmp3_MAIdgiRAWDIAAPEI-5_SRR5962636	PRJNA399729	SRR5962636	hmp3_MAIdgiRAWDIAAPEI-5
1546	hmp3_MAIdgiRAWDIAAPEI-5_SRR5962738	PRJNA399729	SRR5962738	hmp3_MAIdgiRAWDIAAPEI-5
1547	hmp3_MAIdgiRAXDIAAPEI-6_SRR5962637	PRJNA399729	SRR5962637	hmp3_MAIdgiRAXDIAAPEI-6
1548	hmp3_MAIdgiRAYDIAAPEI-7_SRR5962639	PRJNA399729	SRR5962639	hmp3_MAIdgiRAYDIAAPEI-7
1549	hmp3_MAIdgiRAYDIAAPEI-7_SRR5962641	PRJNA399729	SRR5962641	hmp3_MAIdgiRAYDIAAPEI-7
1550	hmp3_MAIdgiRCIDIAAPEI-7_SRR5962665	PRJNA399729	SRR5962665	hmp3_MAIdgiRCIDIAAPEI-7
1551	hmp3_MAIdgiRCKDIAAPEI-9_SRR5962681	PRJNA399729	SRR5962681	hmp3_MAIdgiRCKDIAAPEI-9
1552	hmp3_ZEAxppRAFDIAAPEI-5_SRR5962830	PRJNA399729	SRR5962830	hmp3_ZEAxppRAFDIAAPEI-5
1553	hmp3_ZEAxppRAHDIAAPEI-6_SRR5962836	PRJNA399729	SRR5962836	hmp3_ZEAxppRAHDIAAPEI-6
1554	hmp3_ZEAxppRANDIAAPEI-10_SRR5962866	PRJNA399729	SRR5962866	hmp3_ZEAxppRANDIAAPEI-10
1555	hmp3_ZEAxppRATDIAAPEI-12_SRR5962862	PRJNA399729	SRR5962862	hmp3_ZEAxppRATDIAAPEI-12
1556	hmp3_ZEAxppRAUDIAAPEI-1_SRR5962864	PRJNA399729	SRR5962864	hmp3_ZEAxppRAUDIAAPEI-1
1557	hmp3_ZEAxppRAZDIAAPEI-7_SRR5962764	PRJNA399729	SRR5962764	hmp3_ZEAxppRAZDIAAPEI-7
1558	hmp3_ZEAxppRBCDIAAPEI-2_SRR5962766	PRJNA399729	SRR5962766	hmp3_ZEAxppRBCDIAAPEI-2
1559	hmp3_ZEAxppRBUDIAAPEI-5_SRR5962788	PRJNA399729	SRR5962788	hmp3_ZEAxppRBUDIAAPEI-5
1560	hmp3_ZEAxppRBYDIAAPEI-2_SRR5962785	PRJNA399729	SRR5962785	hmp3_ZEAxppRBYDIAAPEI-2
1561	hmp3_ZEAxppRCBDIAAPEI-3_SRR5962755	PRJNA399729	SRR5962755	hmp3_ZEAxppRCBDIAAPEI-3
1562	hmp3_ZEAxppRCBDIAAPEI-3_SRR5962780	PRJNA399729	SRR5962780	hmp3_ZEAxppRCBDIAAPEI-3
1563	hmp3_ZEAxppRCDDIAAPEI-12_SRR5962756	PRJNA399729	SRR5962756	hmp3_ZEAxppRCDDIAAPEI-12
1564	hmp3_ZEAxppRCFDIAAPEI-4_SRR5962751	PRJNA399729	SRR5962751	hmp3_ZEAxppRCFDIAAPEI-4
1565	hmp3_ZEAxppRCGDIAAPEI-5_SRR5962749	PRJNA399729	SRR5962749	hmp3_ZEAxppRCGDIAAPEI-5
1566	hmp3_ZEAxppRCGDIAAPEI-5_SRR5962752	PRJNA399729	SRR5962752	hmp3_ZEAxppRCGDIAAPEI-5
1567	hmp3_ZEAxppRCHDIAAPEI-6_SRR5962747	PRJNA399729	SRR5962747	hmp3_ZEAxppRCHDIAAPEI-6
1568	hmp3_ZEAxppRCHDIAAPEI-6_SRR5962750	PRJNA399729	SRR5962750	hmp3_ZEAxppRCHDIAAPEI-6
1569	hmp3_ZEAxppRCJDIAAPEI-7_SRR5962717	PRJNA399729	SRR5962717	hmp3_ZEAxppRCJDIAAPEI-7
1570	hmp3_ZEAxppRCODIAAPEI-9_SRR5962714	PRJNA399729	SRR5962714	hmp3_ZEAxppRCODIAAPEI-9
1571	hmp3_ZEAxppRCODIAAPEI-9_SRR5962715	PRJNA399729	SRR5962715	hmp3_ZEAxppRCODIAAPEI-9
1572	hmp3_ZEAxppRCODIAAPEI-9_SRR5962716	PRJNA399729	SRR5962716	hmp3_ZEAxppRCODIAAPEI-9
1573	hmp3_ZEAxppRCPDIAAPEI-10_SRR5962719	PRJNA399729	SRR5962719	hmp3_ZEAxppRCPDIAAPEI-10
1574	hmp3_ZEAxppRCPDIAAPEI-10_SRR5962720	PRJNA399729	SRR5962720	hmp3_ZEAxppRCPDIAAPEI-10
1575	hmp3_ZEAxppRCPDIAAPEI-10_SRR5962721	PRJNA399729	SRR5962721	hmp3_ZEAxppRCPDIAAPEI-10
1576	hmp3_ZEAxppRCUDIAAPEI-1_SRR5962675	PRJNA399729	SRR5962675	hmp3_ZEAxppRCUDIAAPEI-1
1577	hmp3_ZEAxppRCVDIAAPEI-2_SRR5962677	PRJNA399729	SRR5962677	hmp3_ZEAxppRCVDIAAPEI-2
1578	hmp3_ZEAxppRCWDIAAPEI-3_SRR5962671	PRJNA399729	SRR5962671	hmp3_ZEAxppRCWDIAAPEI-3
1579	hmp3_ZEAxppRCXDIAAPEI-4_SRR5962672	PRJNA399729	SRR5962672	hmp3_ZEAxppRCXDIAAPEI-4
1580	hmp3_ZEAxppRCXDIAAPEI-4_SRR5962673	PRJNA399729	SRR5962673	hmp3_ZEAxppRCXDIAAPEI-4
1581	hmp3_ZEAxppRCYDIAAPEI-5_SRR5962679	PRJNA399729	SRR5962679	hmp3_ZEAxppRCYDIAAPEI-5
1582	hmp3_ZEAxppRDHDIAAPEI-12_SRR5962647	PRJNA399729	SRR5962647	hmp3_ZEAxppRDHDIAAPEI-12
1583	hmp3_ZEAxppRDLDIAAPEI-2_SRR5962624	PRJNA399729	SRR5962624	hmp3_ZEAxppRDLDIAAPEI-2
1584	hmp3_ZEAxujRAWDIAAPE_SRR5962742	PRJNA399729	SRR5962742	hmp3_ZEAxujRAWDIAAPE
1585	hmp3_ZEAxujRBCDIBAPE_SRR5962682	PRJNA399729	SRR5962682	hmp3_ZEAxujRBCDIBAPE
1586	Hp301_ERR3307857	PRJEB31061	ERR3307857	Hp301
1587	HR30_CRR504301	PRJCA009749	CRR504301	HR30
1588	HR73_CRR504360	PRJCA009749	CRR504360	HR73
1589	HR962_CRR504879	PRJCA009749	CRR504879	HR962
1590	HRB16038_CRR504333	PRJCA009749	CRR504333	HRB16038
1591	HRB16055_CRR504340	PRJCA009749	CRR504340	HRB16055
1592	HRB16061_CRR504342	PRJCA009749	CRR504342	HRB16061
1593	HRB16072_CRR504344	PRJCA009749	CRR504344	HRB16072
1594	HRB16073_CRR504345	PRJCA009749	CRR504345	HRB16073
1595	HRB16085_CRR504348	PRJCA009749	CRR504348	HRB16085
1596	HRB16179_CRR504390	PRJCA009749	CRR504390	HRB16179
1597	HRB16193_CRR504391	PRJCA009749	CRR504391	HRB16193
1598	HRB16219_CRR505583	PRJCA009749	CRR505583	HRB16219
1599	HRB16221_CRR505584	PRJCA009749	CRR505584	HRB16221
1600	HRB16225_CRR505586	PRJCA009749	CRR505586	HRB16225
1601	HRB16244_CRR505588	PRJCA009749	CRR505588	HRB16244
1602	HRM8_CRR504368	PRJCA009749	CRR504368	HRM8
1603	HRWC1_CRR504354	PRJCA009749	CRR504354	HRWC1
1604	HSBN_SRR8907062	PRJNA531553	SRR8907062	HSBN
1605	HTH-17_SRR8907140	PRJNA531553	SRR8907140	HTH-17
1606	HU803_SRR8906996	PRJNA531553	SRR8906996	HU803
1607	HUA83-2_SRR8907150	PRJNA531553	SRR8907150	HUA83-2
1608	Hua94_SRR11301795	PRJNA609577	SRR11301795	Hua94
1609	Huang428_SRR11302047	PRJNA609577	SRR11302047	Huang428
1610	Huang428_SRR11302049	PRJNA609577	SRR11302049	Huang428
1611	HuangC_SRR11302013	PRJNA609577	SRR11302013	HuangC
1612	HuangC_SRR11302016	PRJNA609577	SRR11302016	HuangC
1613	HUANGC_SRR8906955	PRJNA531553	SRR8906955	HUANGC
1614	Huangyesi3_SRR11301599	PRJNA609577	SRR11301599	Huangyesi3
1615	Huangzaosi_SRR11302111	PRJNA609577	SRR11302111	Huangzaosi
1616	Huobai_SRR11301591	PRJNA609577	SRR11301591	Huobai
1617	Huobai_SRR11301592	PRJNA609577	SRR11301592	Huobai
1618	HYS_SRR8906836	PRJNA531553	SRR8906836	HYS
1619	HZ85_SRR11302056	PRJNA609577	SRR11302056	HZ85
1620	HZ85_SRR11302057	PRJNA609577	SRR11302057	HZ85
1621	HZS_SRR8906862	PRJNA531553	SRR8906862	HZS
1622	I159_ERR10290076	PRJEB56320	ERR10290076	I159
1623	I159_SRR11301698	PRJNA609577	SRR11301698	I159
1624	I159_SRR11301700	PRJNA609577	SRR11301700	I159
1625	IA453_ERR10290107	PRJEB56320	ERR10290107	IA453
1626	IA5125B_ERR10290110	PRJEB56320	ERR10290110	IA5125B
1627	IBB14_SRR11301605	PRJNA609577	SRR11301605	IBB14
1628	IBB14_SRR11301607	PRJNA609577	SRR11301607	IBB14
1629	IBB15_CRR505308	PRJCA009749	CRR505308	IBB15
1630	ICI_193_SRR11301939	PRJNA609577	SRR11301939	ICI_193
1631	ICI_193_SRR11301940	PRJNA609577	SRR11301940	ICI_193
1632	ICI_441_SRR11301936	PRJNA609577	SRR11301936	ICI_441
1633	ICI_441_SRR11301938	PRJNA609577	SRR11301938	ICI_441
1634	ICI_740_SRR11302125	PRJNA609577	SRR11302125	ICI_740
1635	ICI_893_SRR11301934	PRJNA609577	SRR11301934	ICI_893
1636	ICI_893_SRR11301935	PRJNA609577	SRR11301935	ICI_893
1637	ICI193_ERR10290104	PRJEB56320	ERR10290104	ICI193
1638	ICI441_ERR10290090	PRJEB56320	ERR10290090	ICI441
1639	ICI441_CRR505446	PRJCA009749	CRR505446	ICI441
1640	ICI740_ERR10290084	PRJEB56320	ERR10290084	ICI740
1641	ICI893_ERR10290089	PRJEB56320	ERR10290089	ICI893
1642	ICI893_CRR505251	PRJCA009749	CRR505251	ICI893
1643	ICI986_ERR10290074	PRJEB56320	ERR10290074	ICI986
1644	ICI986_CRR505252	PRJCA009749	CRR505252	ICI986
1645	IL101T_ERR10290078	PRJEB56320	ERR10290078	IL101T
1646	Il14H_ERR3307866	PRJEB31061	ERR3307866	Il14H
1647	Il14H_ERR3307867	PRJEB31061	ERR3307867	Il14H
1648	Il14H_ERR3307868	PRJEB31061	ERR3307868	Il14H
1649	Il14H_ERR3307869	PRJEB31061	ERR3307869	Il14H
1650	IL778D_ERR10290072	PRJEB56320	ERR10290072	IL778D
1651	INBRED_100_ERR10290079	PRJEB56320	ERR10290079	INBRED_100
1652	INBRED_109_ERR10290075	PRJEB56320	ERR10290075	INBRED_109
1653	INBRED_321_ERR10290071	PRJEB56320	ERR10290071	INBRED_321
1654	INBRED141_ERR10290073	PRJEB56320	ERR10290073	INBRED141
1655	INBRED2-687_ERR10290077	PRJEB56320	ERR10290077	INBRED2-687
1656	INBRED305_ERR10290068	PRJEB56320	ERR10290068	INBRED305
1657	INBRED309_ERR10290070	PRJEB56320	ERR10290070	INBRED309
1658	IRF291_SRR8907108	PRJNA531553	SRR8907108	IRF291
1659	IRF314_SRR8906990	PRJNA531553	SRR8906990	IRF314
1660	J0045_CRR504194	PRJCA009749	CRR504194	J0045
1661	J006_CRR505197	PRJCA009749	CRR505197	J006
1662	J398_CRR504701	PRJCA009749	CRR504701	J398
1663	JH59_SRR8906748	PRJNA531553	SRR8906748	JH59
1664	JH96C_SRR8907148	PRJNA531553	SRR8907148	JH96C
1665	Ji35_CRR504891	PRJCA009749	CRR504891	Ji35
1666	Ji4112_CRR504182	PRJCA009749	CRR504182	Ji4112
1667	Ji53_SRR11302145	PRJNA609577	SRR11302145	Ji53
1668	JI53_SRR8906985	PRJNA531553	SRR8906985	JI53
1669	Ji533_SRR11302063	PRJNA609577	SRR11302063	Ji533
1670	Ji63_SRR11301857	PRJNA609577	SRR11301857	Ji63
1671	Ji63_SRR11301858	PRJNA609577	SRR11301858	Ji63
1672	JI63_SRR8906683	PRJNA531553	SRR8906683	JI63
1673	Ji842_SRR11301647	PRJNA609577	SRR11301647	Ji842
1674	Ji842_SRR11301648	PRJNA609577	SRR11301648	Ji842
1675	JI842_SRR8906771	PRJNA531553	SRR8906771	JI842
1676	JI846_SRR8906661	PRJNA531553	SRR8906661	JI846
1677	Ji853_SRR11301565	PRJNA609577	SRR11301565	Ji853
1678	Ji853_SRR11301566	PRJNA609577	SRR11301566	Ji853
1679	JI853_SRR8907076	PRJNA531553	SRR8907076	JI853
1680	Ji856_CRR504903	PRJCA009749	CRR504903	Ji856
1681	Ji876_SRR11301773	PRJNA609577	SRR11301773	Ji876
1682	Ji876_CRR505003	PRJCA009749	CRR505003	Ji876
1683	Ji9_033_CRR504401	PRJCA009749	CRR504401	Ji9_033
1684	Jia6_CRR504273	PRJCA009749	CRR504273	Jia6
1685	Jian1495a_SRR11302109	PRJNA609577	SRR11302109	Jian1495a
1686	Jian1495b_SRR11302106	PRJNA609577	SRR11302106	Jian1495b
1687	Jian1495b_SRR11302107	PRJNA609577	SRR11302107	Jian1495b
1688	Jian1495b_SRR11302108	PRJNA609577	SRR11302108	Jian1495b
1689	JIAO51_SRR8906697	PRJNA531553	SRR8906697	JIAO51
1690	Jin0_3_CRR504812	PRJCA009749	CRR504812	Jin0_3
1691	Jin103_CRR504703	PRJCA009749	CRR504703	Jin103
1692	Jindan35M_CRR504796	PRJCA009749	CRR504796	Jindan35M
1693	JING24_SRR8907082	PRJNA531553	SRR8907082	JING24
1694	Jing388_CRR504164	PRJCA009749	CRR504164	Jing388
1695	Jing404_CRR505113	PRJCA009749	CRR505113	Jing404
1696	Jing7_SRR11301563	PRJNA609577	SRR11301563	Jing7
1697	Jing7_SRR11301564	PRJNA609577	SRR11301564	Jing7
1698	JING724_SRR8907079	PRJNA531553	SRR8907079	JING724
1699	Jing7huang_CRR505649	PRJCA009749	CRR505649	Jing7huang
1700	Jinghuang59_CRR504189	PRJCA009749	CRR504189	Jinghuang59
1701	Jinruo_CRR504944	PRJCA009749	CRR504944	Jinruo
1702	Jinyu811F_CRR504798	PRJCA009749	CRR504798	Jinyu811F
1703	Jiu138_5_CRR504910	PRJCA009749	CRR504910	Jiu138_5
1704	JiZ_S24_9_CRR504402	PRJCA009749	CRR504402	JiZ_S24_9
1705	Jizi1006_CRR504405	PRJCA009749	CRR504405	Jizi1006
1706	Jizi1018_CRR504407	PRJCA009749	CRR504407	Jizi1018
1707	Jizi1023_CRR504408	PRJCA009749	CRR504408	Jizi1023
1708	Jizi1034_CRR504409	PRJCA009749	CRR504409	Jizi1034
1709	Jizi1039_CRR504410	PRJCA009749	CRR504410	Jizi1039
1710	Jizi1058_CRR504418	PRJCA009749	CRR504418	Jizi1058
1711	Jizi1082_CRR504419	PRJCA009749	CRR504419	Jizi1082
1712	Jizi1092_CRR504421	PRJCA009749	CRR504421	Jizi1092
1713	Jizi1134_CRR504422	PRJCA009749	CRR504422	Jizi1134
1714	Jizi1138_CRR504423	PRJCA009749	CRR504423	Jizi1138
1715	Jizi1140_CRR504424	PRJCA009749	CRR504424	Jizi1140
1716	Jizi13L115_CRR504553	PRJCA009749	CRR504553	Jizi13L115
1717	Jizi13L377_CRR504557	PRJCA009749	CRR504557	Jizi13L377
1718	Jizi147048_CRR504551	PRJCA009749	CRR504551	Jizi147048
1719	Jizi4658_CRR504548	PRJCA009749	CRR504548	Jizi4658
1720	JiziA150_CRR504561	PRJCA009749	CRR504561	JiziA150
1721	JiziA199_CRR504562	PRJCA009749	CRR504562	JiziA199
1722	JiziB154_CRR504560	PRJCA009749	CRR504560	JiziB154
1723	JLXH_12_CRR504450	PRJCA009749	CRR504450	JLXH_12
1724	JLXH_17_CRR504452	PRJCA009749	CRR504452	JLXH_17
1725	JLXH_27_CRR505600	PRJCA009749	CRR505600	JLXH_27
1726	JLXH_4_CRR504447	PRJCA009749	CRR504447	JLXH_4
1727	JN15_CRR504190	PRJCA009749	CRR504190	JN15
1728	JY01_SRR8907013	PRJNA531553	SRR8907013	JY01
1729	K10_SRR8906827	PRJNA531553	SRR8906827	K10
1730	K12_SRR11301558	PRJNA609577	SRR11301558	K12
1731	K12_SRR11301559	PRJNA609577	SRR11301559	K12
1732	K12_SRR8906770	PRJNA531553	SRR8906770	K12
1733	K14_SRR11301937	PRJNA609577	SRR11301937	K14
1734	K14_SRR8906830	PRJNA531553	SRR8906830	K14
1735	K155_ERR10290066	PRJEB56320	ERR10290066	K155
1736	K201_ERR10290067	PRJEB56320	ERR10290067	K201
1737	K21_CRR504215	PRJCA009749	CRR504215	K21
1738	K22_SRR8906786	PRJNA531553	SRR8906786	K22
1739	Ken44_SRR11302048	PRJNA609577	SRR11302048	Ken44
1740	Ki11_ERR3307878	PRJEB31061	ERR3307878	Ki11
1741	Ki21_SRR5976469	PRJNA399729	SRR5976469	Ki21
1742	Ki3_ERR3307874	PRJEB31061	ERR3307874	Ki3
1743	Ki3_ERR3307875	PRJEB31061	ERR3307875	Ki3
1744	Ki3_ERR3307876	PRJEB31061	ERR3307876	Ki3
1745	Ki3_ERR3307877	PRJEB31061	ERR3307877	Ki3
1746	Ki3_SRR5976424	PRJNA399729	SRR5976424	Ki3
1747	KL45_CRR504304	PRJCA009749	CRR504304	KL45
1748	KO679Y_ERR10290064	PRJEB56320	ERR10290064	KO679Y
1749	KW4M029_CRR504721	PRJCA009749	CRR504721	KW4M029
1750	Ky21_ERR3307879	PRJEB31061	ERR3307879	Ky21
1751	Ky21_ERR3307880	PRJEB31061	ERR3307880	Ky21
1752	Ky21_ERR3307881	PRJEB31061	ERR3307881	Ky21
1753	Ky21_ERR3307882	PRJEB31061	ERR3307882	Ky21
1754	KY228_SRR11301787	PRJNA609577	SRR11301787	KY228
1755	KY228_SRR11301788	PRJNA609577	SRR11301788	KY228
1756	L005_CRR505060	PRJCA009749	CRR505060	L005
1757	L069_CRR505058	PRJCA009749	CRR505058	L069
1758	L139_CRR505335	PRJCA009749	CRR505335	L139
1759	L155_ERR10290063	PRJEB56320	ERR10290063	L155
1760	L201_CRR505395	PRJCA009749	CRR505395	L201
1761	L203_CRR505406	PRJCA009749	CRR505406	L203
1762	L222_ERR10290062	PRJEB56320	ERR10290062	L222
1763	L289_ERR10290065	PRJEB56320	ERR10290065	L289
1764	L3180_SRR8906991	PRJNA531553	SRR8906991	L3180
1765	L5895_CRR505657	PRJCA009749	CRR505657	L5895
1766	L98_CRR504542	PRJCA009749	CRR504542	L98
1767	Lan766_4_2_CRR504965	PRJCA009749	CRR504965	Lan766_4_2
1768	LD61_SRR11301732	PRJNA609577	SRR11301732	LD61
1769	LG001_SRR8907155	PRJNA531553	SRR8907155	LG001
1770	LH127_SRR11301964	PRJNA609577	SRR11301964	LH127
1771	LH127_CRR505345	PRJCA009749	CRR505345	LH127
1772	LH128_SRR11301747	PRJNA609577	SRR11301747	LH128
1773	LH128_SRR11301748	PRJNA609577	SRR11301748	LH128
1774	LH128_CRR505180	PRJCA009749	CRR505180	LH128
1775	LH132_CRR505288	PRJCA009749	CRR505288	LH132
1776	LH149_CRR505429	PRJCA009749	CRR505429	LH149
1777	LH159_ERR10290060	PRJEB56320	ERR10290060	LH159
1778	LH160_SRR11302193	PRJNA609577	SRR11302193	LH160
1779	LH160_SRR11302194	PRJNA609577	SRR11302194	LH160
1780	LH162_SRR11301876	PRJNA609577	SRR11301876	LH162
1781	LH163_ERR10289976	PRJEB56320	ERR10289976	LH163
1782	LH163_SRR11301963	PRJNA609577	SRR11301963	LH163
1783	LH164_ERR10290069	PRJEB56320	ERR10290069	LH164
1784	LH167_ERR10290059	PRJEB56320	ERR10290059	LH167
1785	LH169HT_ERR10289978	PRJEB56320	ERR10289978	LH169HT
1786	LH175_ERR10289367	PRJEB56320	ERR10289367	LH175
1787	LH181_SRR11301745	PRJNA609577	SRR11301745	LH181
1788	LH181_SRR11301746	PRJNA609577	SRR11301746	LH181
1789	LH183_ERR10289975	PRJEB56320	ERR10289975	LH183
1790	LH185_CRR505280	PRJCA009749	CRR505280	LH185
1791	LH186_ERR10290061	PRJEB56320	ERR10290061	LH186
1792	LH188_ERR10289977	PRJEB56320	ERR10289977	LH188
1793	LH189HT_ERR10289368	PRJEB56320	ERR10289368	LH189HT
1794	LH190_SRR11302190	PRJNA609577	SRR11302190	LH190
1795	LH190_SRR11302192	PRJNA609577	SRR11302192	LH190
1796	LH191_SRR11301760	PRJNA609577	SRR11301760	LH191
1797	LH191_SRR11302189	PRJNA609577	SRR11302189	LH191
1798	LH192_SRR11302130	PRJNA609577	SRR11302130	LH192
1799	LH193_SRR11301905	PRJNA609577	SRR11301905	LH193
1800	LH194_CRR505165	PRJCA009749	CRR505165	LH194
1801	LH195_SRR11301898	PRJNA609577	SRR11301898	LH195
1802	LH195_CRR505166	PRJCA009749	CRR505166	LH195
1803	LH196_SRR11301875	PRJNA609577	SRR11301875	LH196
1804	LH196_SRR11301877	PRJNA609577	SRR11301877	LH196
1805	LH196_CRR505224	PRJCA009749	CRR505224	LH196
1806	LH197_CRR505245	PRJCA009749	CRR505245	LH197
1807	LH200_CRR505265	PRJCA009749	CRR505265	LH200
1808	LH202_SRR11302131	PRJNA609577	SRR11302131	LH202
1809	LH202_CRR505167	PRJCA009749	CRR505167	LH202
1810	LH205_SRR11301887	PRJNA609577	SRR11301887	LH205
1811	LH206_SRR11301962	PRJNA609577	SRR11301962	LH206
1812	LH208_SRR11301743	PRJNA609577	SRR11301743	LH208
1813	LH208_SRR11301744	PRJNA609577	SRR11301744	LH208
1814	LH209_SRR11301952	PRJNA609577	SRR11301952	LH209
1815	LH209_SRR11301953	PRJNA609577	SRR11301953	LH209
1816	LH209_CRR505242	PRJCA009749	CRR505242	LH209
1817	LH210_ERR10289364	PRJEB56320	ERR10289364	LH210
1818	LH210_CRR505222	PRJCA009749	CRR505222	LH210
1819	LH211_CRR505223	PRJCA009749	CRR505223	LH211
1820	LH212HT_ERR10289358	PRJEB56320	ERR10289358	LH212HT
1821	LH212Ht_SRR11301735	PRJNA609577	SRR11301735	LH212Ht
1822	LH212Ht_SRR11301736	PRJNA609577	SRR11301736	LH212Ht
1823	LH213_SRR11302161	PRJNA609577	SRR11302161	LH213
1824	LH213_CRR505442	PRJCA009749	CRR505442	LH213
1825	LH214_SRR11301943	PRJNA609577	SRR11301943	LH214
1826	LH214_SRR11301944	PRJNA609577	SRR11301944	LH214
1827	LH215_SRR11301873	PRJNA609577	SRR11301873	LH215
1828	LH215_SRR11301874	PRJNA609577	SRR11301874	LH215
1829	LH215_CRR505182	PRJCA009749	CRR505182	LH215
1830	LH216_CRR505247	PRJCA009749	CRR505247	LH216
1831	LH217_ERR10289361	PRJEB56320	ERR10289361	LH217
1832	LH218_ERR10289359	PRJEB56320	ERR10289359	LH218
1833	LH220Ht_SRR11301612	PRJNA609577	SRR11301612	LH220Ht
1834	LH220Ht_SRR11301613	PRJNA609577	SRR11301613	LH220Ht
1835	LH222_SRR11301941	PRJNA609577	SRR11301941	LH222
1836	LH222_SRR11301942	PRJNA609577	SRR11301942	LH222
1837	LH222_CRR505248	PRJCA009749	CRR505248	LH222
1838	LH225_ERR10289357	PRJEB56320	ERR10289357	LH225
1839	LH231_ERR10289366	PRJEB56320	ERR10289366	LH231
1840	LH250_ERR10289362	PRJEB56320	ERR10289362	LH250
1841	LH252_ERR10289363	PRJEB56320	ERR10289363	LH252
1842	LH260_ERR10289365	PRJEB56320	ERR10289365	LH260
1843	LH284_ERR10289356	PRJEB56320	ERR10289356	LH284
1844	LH299_ERR10289360	PRJEB56320	ERR10289360	LH299
1845	LH38_CRR505285	PRJCA009749	CRR505285	LH38
1846	LH39_CRR505453	PRJCA009749	CRR505453	LH39
1847	LH52_CRR505369	PRJCA009749	CRR505369	LH52
1848	LH54_CRR505368	PRJCA009749	CRR505368	LH54
1849	LH60_CRR505461	PRJCA009749	CRR505461	LH60
1850	LH65_CRR505314	PRJCA009749	CRR505314	LH65
1851	LH82_CRR505485	PRJCA009749	CRR505485	LH82
1852	Liao0369_CRR505595	PRJCA009749	CRR505595	Liao0369
1853	Liao0513_CRR504494	PRJCA009749	CRR504494	Liao0513
1854	Liao0567_CRR504497	PRJCA009749	CRR504497	Liao0567
1855	Liao0619_CRR505634	PRJCA009749	CRR505634	Liao0619
1856	LIAO138_SRR8907039	PRJNA531553	SRR8907039	LIAO138
1857	LIAO159_SRR8907124	PRJNA531553	SRR8907124	LIAO159
1858	Liao1A407_CRR504483	PRJCA009749	CRR504483	Liao1A407
1859	Liao20358_CRR504485	PRJCA009749	CRR504485	Liao20358
1860	Liao2202_SRR11301806	PRJNA609577	SRR11301806	Liao2202
1861	Liao2572_CRR504486	PRJCA009749	CRR504486	Liao2572
1862	Liao3162_CRR505711	PRJCA009749	CRR505711	Liao3162
1863	Liao3348_CRR504487	PRJCA009749	CRR504487	Liao3348
1864	Liao428_CRR504466	PRJCA009749	CRR504466	Liao428
1865	Liao51_CRR504462	PRJCA009749	CRR504462	Liao51
1866	LIAO5114_SRR8906682	PRJNA531553	SRR8906682	LIAO5114
1867	LIAO5262_SRR8906831	PRJNA531553	SRR8906831	LIAO5262
1868	LIAO5263_SRR8907002	PRJNA531553	SRR8907002	LIAO5263
1869	Liao6027_CRR504507	PRJCA009749	CRR504507	Liao6027
1870	Liao6082_CRR505656	PRJCA009749	CRR505656	Liao6082
1871	Liao63024_CRR504484	PRJCA009749	CRR504484	Liao63024
1872	Liao785_CRR504464	PRJCA009749	CRR504464	Liao785
1873	Liao8022_CRR504465	PRJCA009749	CRR504465	Liao8022
1874	Liao9586_SRR11302030	PRJNA609577	SRR11302030	Liao9586
1875	Liao9586_SRR11302031	PRJNA609577	SRR11302031	Liao9586
1876	LIBC_4_SRR11301947	PRJNA609577	SRR11301947	LIBC_4
1877	LIBC_4_SRR11301949	PRJNA609577	SRR11301949	LIBC_4
1878	LK11_SRR8906938	PRJNA531553	SRR8906938	LK11
1879	LK58_8_CRR504845	PRJCA009749	CRR504845	LK58_8
1880	Lo11_SRR1575516	PRJNA260788	SRR1575516	Lo11
1881	Lo1125_CRR505121	PRJCA009749	CRR505121	Lo1125
1882	LongF0202_CRR504851	PRJCA009749	CRR504851	LongF0202
1883	LongF0402_CRR504853	PRJCA009749	CRR504853	LongF0402
1884	LongF1011_CRR504855	PRJCA009749	CRR504855	LongF1011
1885	LongF2224_CRR504857	PRJCA009749	CRR504857	LongF2224
1886	Longkang1_SRR11302026	PRJNA609577	SRR11302026	Longkang1
1887	Longkang11_SRR11301589	PRJNA609577	SRR11301589	Longkang11
1888	Longkang11_SRR11301590	PRJNA609577	SRR11301590	Longkang11
1889	Longxi65_CRR504172	PRJCA009749	CRR504172	Longxi65
1890	LP1NRHT_ERR10289355	PRJEB56320	ERR10289355	LP1NRHT
1891	Lp215D_SRR11302007	PRJNA609577	SRR11302007	Lp215D
1892	Lp215D_SRR11302008	PRJNA609577	SRR11302008	Lp215D
1893	Lp215D_CRR505235	PRJCA009749	CRR505235	Lp215D
1894	Luo1223_CRR504569	PRJCA009749	CRR504569	Luo1223
1895	Luosu3_SRR11301894	PRJNA609577	SRR11301894	Luosu3
1896	Luyuan133_CRR504884	PRJCA009749	CRR504884	Luyuan133
1897	Luyuan92_SRR11301869	PRJNA609577	SRR11301869	Luyuan92
1898	Luyuan92_SRR11301870	PRJNA609577	SRR11301870	Luyuan92
1899	Luyuan92_SRR11301871	PRJNA609577	SRR11301871	Luyuan92
1900	Lv10_SRR11301817	PRJNA609577	SRR11301817	Lv10
1901	Lv28_SRR11301903	PRJNA609577	SRR11301903	Lv28
1902	Lv28_SRR11301904	PRJNA609577	SRR11301904	Lv28
1903	LV28_SRR8907091	PRJNA531553	SRR8907091	LV28
1904	Lv28_CRR505012	PRJCA009749	CRR505012	Lv28
1905	Lv9kuan_SRR11301863	PRJNA609577	SRR11301863	Lv9kuan
1906	Lv9kuan_SRR11301864	PRJNA609577	SRR11301864	Lv9kuan
1907	lx00_1_CRR504593	PRJCA009749	CRR504593	lx00_1
1908	Lx03_2_SRR11301888	PRJNA609577	SRR11301888	Lx03_2
1909	lx03_2_CRR505419	PRJCA009749	CRR505419	lx03_2
1910	lx08_8_CRR505418	PRJCA009749	CRR505418	lx08_8
1911	LX3999_CRR505714	PRJCA009749	CRR505714	LX3999
1912	Lx9801_SRR11301553	PRJNA609577	SRR11301553	Lx9801
1913	Lx9801_SRR11301554	PRJNA609577	SRR11301554	Lx9801
1914	Lx9801_SRR11301555	PRJNA609577	SRR11301555	Lx9801
1915	Lx9801_CRR505654	PRJCA009749	CRR505654	Lx9801
1916	LXN_SRR8906904	PRJNA531553	SRR8906904	LXN
1917	LY_SRR8906684	PRJNA531553	SRR8906684	LY
1918	LY042_SRR8906837	PRJNA531553	SRR8906837	LY042
1919	LY16F_SRR11302096	PRJNA609577	SRR11302096	LY16F
1920	LY2211_CRR504691	PRJCA009749	CRR504691	LY2211
1921	ly328_CRR504690	PRJCA009749	CRR504690	ly328
1922	ly5405_CRR504713	PRJCA009749	CRR504713	ly5405
1923	ly5502_CRR504714	PRJCA009749	CRR504714	ly5502
1924	ly5711_CRR504850	PRJCA009749	CRR504850	ly5711
1925	ly5901_CRR504716	PRJCA009749	CRR504716	ly5901
1926	M05N32_CRR504644	PRJCA009749	CRR504644	M05N32
1927	M08N144_CRR504653	PRJCA009749	CRR504653	M08N144
1928	M08N171_CRR504638	PRJCA009749	CRR504638	M08N171
1929	M09N041_CRR504643	PRJCA009749	CRR504643	M09N041
1930	M09N160_CRR504659	PRJCA009749	CRR504659	M09N160
1931	M14_SRR11301969	PRJNA609577	SRR11301969	M14
1932	M15044_CRR504670	PRJCA009749	CRR504670	M15044
1933	M15131_CRR504680	PRJCA009749	CRR504680	M15131
1934	M15208_CRR504672	PRJCA009749	CRR504672	M15208
1935	M153_SRR8907001	PRJNA531553	SRR8907001	M153
1936	M162W_ERR3307883	PRJEB31061	ERR3307883	M162W
1937	M165_SRR8907089	PRJNA531553	SRR8907089	M165
1938	M340x_CRR505663	PRJCA009749	CRR505663	M340x
1939	M35119_CRR504671	PRJCA009749	CRR504671	M35119
1940	M35124_CRR504678	PRJCA009749	CRR504678	M35124
1941	M35457_CRR504673	PRJCA009749	CRR504673	M35457
1942	M37W_ERR3307884	PRJEB31061	ERR3307884	M37W
1943	M37W_SRR5976317	PRJNA399729	SRR5976317	M37W
1944	M45172_CRR504669	PRJCA009749	CRR504669	M45172
1945	M45199_CRR504675	PRJCA009749	CRR504675	M45199
1946	M45589_CRR504668	PRJCA009749	CRR504668	M45589
1947	M54Rel_CRR505593	PRJCA009749	CRR505593	M54Rel
1948	M6021C546_CRR504651	PRJCA009749	CRR504651	M6021C546
1949	M75_CRR504648	PRJCA009749	CRR504648	M75
1950	M9_SRR11302155	PRJNA609577	SRR11302155	M9
1951	M97_SRR8906757	PRJNA531553	SRR8906757	M97
1952	M9N165_CRR504654	PRJCA009749	CRR504654	M9N165
1953	MBSJ_CRR505240	PRJCA009749	CRR505240	MBSJ
1954	MBST_CRR505323	PRJCA009749	CRR505323	MBST
1955	MBUB_SRR11301954	PRJNA609577	SRR11301954	MBUB
1956	MBUB_SRR11301955	PRJNA609577	SRR11301955	MBUB
1957	MC3361_CRR505742	PRJCA009749	CRR505742	MC3361
1958	MC3362_CRR505743	PRJCA009749	CRR505743	MC3362
1959	MC3366_CRR505745	PRJCA009749	CRR505745	MC3366
1960	MC3367_CRR505746	PRJCA009749	CRR505746	MC3367
1961	MC5831_CRR505719	PRJCA009749	CRR505719	MC5831
1962	MC5832_CRR505720	PRJCA009749	CRR505720	MC5832
1963	MC5837_CRR505724	PRJCA009749	CRR505724	MC5837
1964	MC5841_CRR505728	PRJCA009749	CRR505728	MC5841
1965	MC5842_CRR505729	PRJCA009749	CRR505729	MC5842
1966	MC5843_CRR505730	PRJCA009749	CRR505730	MC5843
1967	MC5844_CRR505731	PRJCA009749	CRR505731	MC5844
1968	MC5846_CRR505733	PRJCA009749	CRR505733	MC5846
1969	MC6179_CRR504227	PRJCA009749	CRR504227	MC6179
1970	MC6231_CRR505737	PRJCA009749	CRR505737	MC6231
1971	MC6235_CRR505740	PRJCA009749	CRR505740	MC6235
1972	MC6236_CRR505741	PRJCA009749	CRR505741	MC6236
1973	MC9269_CRR504235	PRJCA009749	CRR504235	MC9269
1974	MC9270_CRR504236	PRJCA009749	CRR504236	MC9270
1975	MC9274_CRR504237	PRJCA009749	CRR504237	MC9274
1976	MC9282_CRR504238	PRJCA009749	CRR504238	MC9282
1977	MC9287_CRR504239	PRJCA009749	CRR504239	MC9287
1978	MC9288_CRR504240	PRJCA009749	CRR504240	MC9288
1979	MC9300_CRR504243	PRJCA009749	CRR504243	MC9300
1980	Meng17j07_CRR505622	PRJCA009749	CRR505622	Meng17j07
1981	Meng17j29_CRR505643	PRJCA009749	CRR505643	Meng17j29
1982	Ming2325_CRR504479	PRJCA009749	CRR504479	Ming2325
1983	ML606_SRR11301983	PRJNA609577	SRR11301983	ML606
1984	ML606_SRR11301984	PRJNA609577	SRR11301984	ML606
1985	ML606_CRR505366	PRJCA009749	CRR505366	ML606
1986	MM-1A_SRR5976322	PRJNA399729	SRR5976322	MM-1A
1987	MM402A_CRR505243	PRJCA009749	CRR505243	MM402A
1988	MN_SRR8907011	PRJNA531553	SRR8907011	MN
1989	MO113_SRR8906983	PRJNA531553	SRR8906983	MO113
1990	Mo113_CRR504375	PRJCA009749	CRR504375	Mo113
1991	MO13_ERR10289354	PRJEB56320	ERR10289354	MO13
1992	MO15W_ERR10289352	PRJEB56320	ERR10289352	MO15W
1993	Mo15W_inra_ERR1462677	PRJEB14212	ERR1462677	Mo15W_inra
1994	MO16W_ERR10289348	PRJEB56320	ERR10289348	MO16W
1995	Mo17_SRR1575517	PRJNA260788	SRR1575517	Mo17
1996	Mo17_SRR5976302	PRJNA399729	SRR5976302	Mo17
1997	MO17_SRR8907080	PRJNA531553	SRR8907080	MO17
1998	Mo18W_ERR3307885	PRJEB31061	ERR3307885	Mo18W
1999	MO18W_SRR11301796	PRJNA609577	SRR11301796	MO18W
2000	MO18W_SRR11301797	PRJNA609577	SRR11301797	MO18W
2001	MO23W_ERR10289351	PRJEB56320	ERR10289351	MO23W
2002	Mo24W_SRR11301982	PRJNA609577	SRR11301982	Mo24W
2003	MO28W_ERR10289347	PRJEB56320	ERR10289347	MO28W
2004	MO3_ERR10289344	PRJEB56320	ERR10289344	MO3
2005	MO30W_ERR10289349	PRJEB56320	ERR10289349	MO30W
2006	MO39_ERR10289345	PRJEB56320	ERR10289345	MO39
2007	MO5_ERR10289350	PRJEB56320	ERR10289350	MO5
2008	MO7_ERR10289341	PRJEB56320	ERR10289341	MO7
2009	MQ305_SRR11301897	PRJNA609577	SRR11301897	MQ305
2010	MR01_JDHMV2_ERR1462720	PRJEB14212	ERR1462720	MR01_JDHMV2
2011	MR05_JDHMV2_ERR1462701	PRJEB14212	ERR1462701	MR05_JDHMV2
2012	MR07_JDHMV2_ERR1462702	PRJEB14212	ERR1462702	MR07_JDHMV2
2013	MR08_JDHMV2_ERR1462719	PRJEB14212	ERR1462719	MR08_JDHMV2
2014	MR09_JDHMV2_ERR1462704	PRJEB14212	ERR1462704	MR09_JDHMV2
2015	MR18_JDHMV2_ERR1462703	PRJEB14212	ERR1462703	MR18_JDHMV2
2016	MR23_JDHMV2_ERR1462717	PRJEB14212	ERR1462717	MR23_JDHMV2
2017	MR25_JDHMV2_ERR1462700	PRJEB14212	ERR1462700	MR25_JDHMV2
2018	MS106_ERR10289338	PRJEB56320	ERR10289338	MS106
2019	MS12_ERR10289343	PRJEB56320	ERR10289343	MS12
2020	MS142_ERR10289346	PRJEB56320	ERR10289346	MS142
2021	MS153_SRR11301694	PRJNA609577	SRR11301694	MS153
2022	MS153_SRR11301695	PRJNA609577	SRR11301695	MS153
2023	MS153_SRR11301696	PRJNA609577	SRR11301696	MS153
2024	MS222_ERR10289339	PRJEB56320	ERR10289339	MS222
2025	MS223_ERR10289336	PRJEB56320	ERR10289336	MS223
2026	MS71_ERR3307886	PRJEB31061	ERR3307886	MS71
2027	MS71_ERR3307887	PRJEB31061	ERR3307887	MS71
2028	MS71_ERR3307888	PRJEB31061	ERR3307888	MS71
2029	MS71_ERR3307889	PRJEB31061	ERR3307889	MS71
2030	Mt42_SRR11301724	PRJNA609577	SRR11301724	Mt42
2031	MZ_315_CRR504639	PRJCA009749	CRR504639	MZ_315
2032	N199_ERR10289342	PRJEB56320	ERR10289342	N199
2033	N216_ERR10289330	PRJEB56320	ERR10289330	N216
2034	N22_inra_ERR1462678	PRJEB14212	ERR1462678	N22_inra
2035	N28_SRR11301726	PRJNA609577	SRR11301726	N28
2036	N42_CRR505688	PRJCA009749	CRR505688	N42
2037	N534_ERR10289335	PRJEB56320	ERR10289335	N534
2038	N538_ERR10289333	PRJEB56320	ERR10289333	N538
2039	N540_ERR10289337	PRJEB56320	ERR10289337	N540
2040	N545_ERR10289334	PRJEB56320	ERR10289334	N545
2041	N6_SRR5976474	PRJNA399729	SRR5976474	N6
2042	N6_inra_ERR1462679	PRJEB14212	ERR1462679	N6_inra
2043	Nan21_3_SRR11301761	PRJNA609577	SRR11301761	Nan21_3
2044	Nan21_3_SRR11302068	PRJNA609577	SRR11302068	Nan21_3
2045	NAN21-3_SRR8907100	PRJNA531553	SRR8907100	NAN21-3
2046	Nan5_CRR504297	PRJCA009749	CRR504297	Nan5
2047	Nan7041_5_CRR504730	PRJCA009749	CRR504730	Nan7041_5
2048	NC13_ERR10289332	PRJEB56320	ERR10289332	NC13
2049	NC222_inra_ERR1462680	PRJEB14212	ERR1462680	NC222_inra
2050	NC268_CRR504185	PRJCA009749	CRR504185	NC268
2051	NC292_CRR505169	PRJCA009749	CRR505169	NC292
2052	NC294_CRR505209	PRJCA009749	CRR505209	NC294
2053	NC310_CRR505210	PRJCA009749	CRR505210	NC310
2054	NC350_ERR3307890	PRJEB31061	ERR3307890	NC350
2055	NC350_ERR3307891	PRJEB31061	ERR3307891	NC350
2056	NC350_ERR3307892	PRJEB31061	ERR3307892	NC350
2057	NC350_ERR3307893	PRJEB31061	ERR3307893	NC350
2058	ND1_ERR10289328	PRJEB56320	ERR10289328	ND1
2059	ND1_inra_ERR1462682	PRJEB14212	ERR1462682	ND1_inra
2060	ND167_ERR10289326	PRJEB56320	ERR10289326	ND167
2061	ND230_ERR10289331	PRJEB56320	ERR10289331	ND230
2062	ND245_ERR10289327	PRJEB56320	ERR10289327	ND245
2063	ND249_ERR10289329	PRJEB56320	ERR10289329	ND249
2064	ND251_ERR10289323	PRJEB56320	ERR10289323	ND251
2065	ND255_SRR11301827	PRJNA609577	SRR11301827	ND255
2066	ND255_SRR11301828	PRJNA609577	SRR11301828	ND255
2067	ND255_SRR11301830	PRJNA609577	SRR11301830	ND255
2068	ND260_ERR10289325	PRJEB56320	ERR10289325	ND260
2069	ND262_ERR10289320	PRJEB56320	ERR10289320	ND262
2070	ND283_ERR10289324	PRJEB56320	ERR10289324	ND283
2071	ND283_inra_ERR1462683	PRJEB14212	ERR1462683	ND283_inra
2072	ND287_ERR10289322	PRJEB56320	ERR10289322	ND287
2073	ND30_inra_ERR1462684	PRJEB14212	ERR1462684	ND30_inra
2074	Ning36_CRR504912	PRJCA009749	CRR504912	Ning36
2075	Ning37_CRR504917	PRJCA009749	CRR504917	Ning37
2076	NK794_ERR10289319	PRJEB56320	ERR10289319	NK794
2077	NK907_ERR10289318	PRJEB56320	ERR10289318	NK907
2078	NKBCC03_ERR10289316	PRJEB56320	ERR10289316	NKBCC03
2079	NKNP901_ERR10289317	PRJEB56320	ERR10289317	NKNP901
2080	NL001_SRR11301749	PRJNA609577	SRR11301749	NL001
2081	NL001_SRR11301750	PRJNA609577	SRR11301750	NL001
2082	NL001_CRR505233	PRJCA009749	CRR505233	NL001
2083	NMJT_SRR8906898	PRJNA531553	SRR8906898	NMJT
2084	NO-380_ERR10289314	PRJEB56320	ERR10289314	NO-380
2085	NORTH7_ERR10289315	PRJEB56320	ERR10289315	NORTH7
2086	NP87_ERR10289312	PRJEB56320	ERR10289312	NP87
2087	NQ402_ERR10289313	PRJEB56320	ERR10289313	NQ402
2088	NS501_CRR505329	PRJCA009749	CRR505329	NS501
2089	NS701_CRR505306	PRJCA009749	CRR505306	NS701
2090	NY_166__NEVEH_Y_ERR10289307	PRJEB56320	ERR10289307	NY_166__NEVEH_Y
2091	NY159_NEVEHYAAR_ERR10289308	PRJEB56320	ERR10289308	NY159_NEVEHYAAR
2092	NY303_inra_ERR1462686	PRJEB14212	ERR1462686	NY303_inra
2093	NYS302_inra_ERR1462687	PRJEB14212	ERR1462687	NYS302_inra
2094	OH3167B_ERR10289309	PRJEB56320	ERR10289309	OH3167B
2095	Oh40B_SRR5976276	PRJNA399729	SRR5976276	Oh40B
2096	Oh43_ERR3307894	PRJEB31061	ERR3307894	Oh43
2097	Oh43_ERR3307895	PRJEB31061	ERR3307895	Oh43
2098	Oh43_ERR3307896	PRJEB31061	ERR3307896	Oh43
2099	Oh43_ERR3307897	PRJEB31061	ERR3307897	Oh43
2100	Oh43_SRR11302060	PRJNA609577	SRR11302060	Oh43
2101	Oh43E_CRR505212	PRJCA009749	CRR505212	Oh43E
2102	Oh7_SRR11301785	PRJNA609577	SRR11301785	Oh7
2103	Oh7_SRR11301786	PRJNA609577	SRR11301786	Oh7
2104	Oh7B_ERR3307898	PRJEB31061	ERR3307898	Oh7B
2105	Oh7B_ERR3307899	PRJEB31061	ERR3307899	Oh7B
2106	Oh7B_ERR3307900	PRJEB31061	ERR3307900	Oh7B
2107	Oh7B_ERR3307901	PRJEB31061	ERR3307901	Oh7B
2108	OO6_CRR504909	PRJCA009749	CRR504909	OO6
2109	OQ101_ERR10289303	PRJEB56320	ERR10289303	OQ101
2110	OQ101_SRR11301896	PRJNA609577	SRR11301896	OQ101
2111	OQ403_SRR11302182	PRJNA609577	SRR11302182	OQ403
2112	OQ403_SRR11302183	PRJNA609577	SRR11302183	OQ403
2113	OQ601_ERR10289302	PRJEB56320	ERR10289302	OQ601
2114	OQ603_CRR505330	PRJCA009749	CRR505330	OQ603
2115	OS426_ERR10289310	PRJEB56320	ERR10289310	OS426
2116	OS602_SRR11302180	PRJNA609577	SRR11302180	OS602
2117	OS602_SRR11302181	PRJNA609577	SRR11302181	OS602
2118	P138_SRR11301579	PRJNA609577	SRR11301579	P138
2119	P138_SRR11301580	PRJNA609577	SRR11301580	P138
2120	P138_SRR8906652	PRJNA531553	SRR8906652	P138
2121	P178_SRR8906912	PRJNA531553	SRR8906912	P178
2122	P28_CRR505575	PRJCA009749	CRR505575	P28
2123	P39_ERR3307902	PRJEB31061	ERR3307902	P39
2124	P39_ERR3307903	PRJEB31061	ERR3307903	P39
2125	P39_ERR3307904	PRJEB31061	ERR3307904	P39
2126	P39_ERR3307905	PRJEB31061	ERR3307905	P39
2127	P39_su_CRR505081	PRJCA009749	CRR505081	P39_su
2128	P6WC_SRR8907078	PRJNA531553	SRR8907078	P6WC
2129	PA392_ERR10289306	PRJEB56320	ERR10289306	PA392
2130	PA405_ERR10289300	PRJEB56320	ERR10289300	PA405
2131	PA468_ERR10289304	PRJEB56320	ERR10289304	PA468
2132	PA778_ERR10289301	PRJEB56320	ERR10289301	PA778
2133	PA891_ERR10289311	PRJEB56320	ERR10289311	PA891
2134	Par_N16_ERR11202955	PRJEB61159	ERR11202955	Par_N16
2135	PB18_inra_ERR1462688	PRJEB14212	ERR1462688	PB18_inra
2136	PB79-2_inra_ERR1462690	PRJEB14212	ERR1462690	PB79-2_inra
2137	PB80_CRR505464	PRJCA009749	CRR505464	PB80
2138	PB86_inra_ERR1462691	PRJEB14212	ERR1462691	PB86_inra
2139	PDZ37_SSD23_ERR1462706	PRJEB14212	ERR1462706	PDZ37_SSD23
2140	PDZ666-102_ERR1462708	PRJEB14212	ERR1462708	PDZ666-102
2141	PDZ668-101_ERR1462713	PRJEB14212	ERR1462713	PDZ668-101
2142	PDZ676-103_ERR1462707	PRJEB14212	ERR1462707	PDZ676-103
2143	PDZ682-101_ERR1462718	PRJEB14212	ERR1462718	PDZ682-101
2144	PDZ689-201_ERR1462714	PRJEB14212	ERR1462714	PDZ689-201
2145	PDZ737-101_ERR1462716	PRJEB14212	ERR1462716	PDZ737-101
2146	PDZ741-101_ERR1462715	PRJEB14212	ERR1462715	PDZ741-101
2147	PH207_SRR11301890	PRJNA609577	SRR11301890	PH207
2148	PH207_SRR1575518	PRJNA260788	SRR1575518	PH207
2149	PH4VC_SRR8906656	PRJNA531553	SRR8906656	PH4VC
2150	PH5HK_ERR10289305	PRJEB56320	ERR10289305	PH5HK
2151	PHAW6_ERR10289299	PRJEB56320	ERR10289299	PHAW6
2152	PHAW6_CRR505448	PRJCA009749	CRR505448	PHAW6
2153	PHBA6_SRR11301866	PRJNA609577	SRR11301866	PHBA6
2154	PHBB3_CRR505363	PRJCA009749	CRR505363	PHBB3
2155	PHDD6_ERR10289297	PRJEB56320	ERR10289297	PHDD6
2156	PHEG9_CRR505450	PRJCA009749	CRR505450	PHEG9
2157	PHEM7_ERR10289291	PRJEB56320	ERR10289291	PHEM7
2158	PHEM9_ERR10289295	PRJEB56320	ERR10289295	PHEM9
2159	PHEW7_ERR10289293	PRJEB56320	ERR10289293	PHEW7
2160	PHFA5_ERR10289294	PRJEB56320	ERR10289294	PHFA5
2161	PHG35_SRR11301980	PRJNA609577	SRR11301980	PHG35
2162	PHG39_SRR11302158	PRJNA609577	SRR11302158	PHG39
2163	PHG39_CRR505483	PRJCA009749	CRR505483	PHG39
2164	PHG50_CRR505454	PRJCA009749	CRR505454	PHG50
2165	PHG84_CRR505427	PRJCA009749	CRR505427	PHG84
2166	PHGG7_ERR10289289	PRJEB56320	ERR10289289	PHGG7
2167	PHGG7_SRR11301895	PRJNA609577	SRR11301895	PHGG7
2168	PHGV6_ERR10289296	PRJEB56320	ERR10289296	PHGV6
2169	PHH93_SRR11301604	PRJNA609577	SRR11301604	PHH93
2170	PHH93_SRR11301902	PRJNA609577	SRR11301902	PHH93
2171	PHH93_CRR505324	PRJCA009749	CRR505324	PHH93
2172	PHHB4_ERR10289285	PRJEB56320	ERR10289285	PHHB4
2173	PHHB4_CRR505451	PRJCA009749	CRR505451	PHHB4
2174	PHHB9_ERR10289284	PRJEB56320	ERR10289284	PHHB9
2175	PHHB9_CRR505449	PRJCA009749	CRR505449	PHHB9
2176	PHJ65_ERR10289298	PRJEB56320	ERR10289298	PHJ65
2177	PHJ65_SRR11301758	PRJNA609577	SRR11301758	PHJ65
2178	PHJ65_SRR11301759	PRJNA609577	SRR11301759	PHJ65
2179	PHJ65_CRR505179	PRJCA009749	CRR505179	PHJ65
2180	PHJ70_CRR505337	PRJCA009749	CRR505337	PHJ70
2181	PHJ75_CRR505158	PRJCA009749	CRR505158	PHJ75
2182	PHJ89_SRR11302005	PRJNA609577	SRR11302005	PHJ89
2183	PHJ89_SRR11302006	PRJNA609577	SRR11302006	PHJ89
2184	PHJ89_CRR505236	PRJCA009749	CRR505236	PHJ89
2185	PHJ90_ERR10289278	PRJEB56320	ERR10289278	PHJ90
2186	PHJ90_SRR11301997	PRJNA609577	SRR11301997	PHJ90
2187	PHJ90_SRR11301998	PRJNA609577	SRR11301998	PHJ90
2188	PHM81_SRR11301961	PRJNA609577	SRR11301961	PHM81
2189	PHMK0_CRR505275	PRJCA009749	CRR505275	PHMK0
2190	PHN18_ERR10289282	PRJEB56320	ERR10289282	PHN18
2191	PHN37_CRR505339	PRJCA009749	CRR505339	PHN37
2192	PHN41_ERR10289286	PRJEB56320	ERR10289286	PHN41
2193	PHN46_CRR505438	PRJCA009749	CRR505438	PHN46
2194	PHN66_SRR11301995	PRJNA609577	SRR11301995	PHN66
2195	PHN82_SRR11302195	PRJNA609577	SRR11302195	PHN82
2196	PHN82_SRR11302196	PRJNA609577	SRR11302196	PHN82
2197	PHP02_CRR505325	PRJCA009749	CRR505325	PHP02
2198	PHP55_SRR11301968	PRJNA609577	SRR11301968	PHP55
2199	PHP55_CRR505377	PRJCA009749	CRR505377	PHP55
2200	PHP76_SRR11301756	PRJNA609577	SRR11301756	PHP76
2201	PHP76_SRR11301757	PRJNA609577	SRR11301757	PHP76
2202	PHP76_CRR505228	PRJCA009749	CRR505228	PHP76
2203	PHP85_SRR11302179	PRJNA609577	SRR11302179	PHP85
2204	PHPR5_SRR11302178	PRJNA609577	SRR11302178	PHPR5
2205	PHPR5_CRR505257	PRJCA009749	CRR505257	PHPR5
2206	PHR30_SRR11301855	PRJNA609577	SRR11301855	PHR30
2207	PHR55_SRR11302128	PRJNA609577	SRR11302128	PHR55
2208	PHR58_SRR11301986	PRJNA609577	SRR11301986	PHR58
2209	PHR58_SRR11301989	PRJNA609577	SRR11301989	PHR58
2210	PHR61_ERR10289280	PRJEB56320	ERR10289280	PHR61
2211	PHR61_CRR505238	PRJCA009749	CRR505238	PHR61
2212	PHRE1_ERR10289288	PRJEB56320	ERR10289288	PHRE1
2213	PHT11_CRR505239	PRJCA009749	CRR505239	PHT11
2214	PHT22_CRR505341	PRJCA009749	CRR505341	PHT22
2215	PHT55_SRR11302175	PRJNA609577	SRR11302175	PHT55
2216	PHT60_CRR505327	PRJCA009749	CRR505327	PHT60
2217	PHT73_ERR10289277	PRJEB56320	ERR10289277	PHT73
2218	PHT73_SRR11302160	PRJNA609577	SRR11302160	PHT73
2219	PHTD5_ERR10288638	PRJEB56320	ERR10288638	PHTD5
2220	PHTE4_ERR10289283	PRJEB56320	ERR10289283	PHTE4
2221	PHV07_ERR10288640	PRJEB56320	ERR10288640	PHV07
2222	PHV07_SRR11301754	PRJNA609577	SRR11301754	PHV07
2223	PHV07_SRR11301755	PRJNA609577	SRR11301755	PHV07
2224	PHV07_CRR505440	PRJCA009749	CRR505440	PHV07
2225	PHV53_SRR11302177	PRJNA609577	SRR11302177	PHV53
2226	PHV78_CRR505421	PRJCA009749	CRR505421	PHV78
2227	PHVA9_SRR11302174	PRJNA609577	SRR11302174	PHVA9
2228	PHVA9_SRR11302176	PRJNA609577	SRR11302176	PHVA9
2229	PHW06_ERR10289281	PRJEB56320	ERR10289281	PHW06
2230	PHW06_CRR505229	PRJCA009749	CRR505229	PHW06
2231	PHW30_SRR11301610	PRJNA609577	SRR11301610	PHW30
2232	PHW30_SRR11301611	PRJNA609577	SRR11301611	PHW30
2233	PHW43_SRR11301967	PRJNA609577	SRR11301967	PHW43
2234	PHW43_CRR505343	PRJCA009749	CRR505343	PHW43
2235	PHW51_SRR11302129	PRJNA609577	SRR11302129	PHW51
2236	PHW51_CRR504455	PRJCA009749	CRR504455	PHW51
2237	PHW52_CRR505470	PRJCA009749	CRR505470	PHW52
2238	PHWG5_SRR11302124	PRJNA609577	SRR11302124	PHWG5
2239	PHWRZ_ERR10289252	PRJEB56320	ERR10289252	PHWRZ
2240	PI 306615_SRR18441531	PRJNA816255	SRR18441531	PI 306615
2241	PI 306617_SRR18441530	PRJNA816255	SRR18441530	PI 306617
2242	PI 441929_SRR18441547	PRJNA816255	SRR18441547	PI 441929
2243	PI 441931_SRR18441546	PRJNA816255	SRR18441546	PI 441931
2244	PI 441932_SRR18441545	PRJNA816255	SRR18441545	PI 441932
2245	PI 462368_SRR18441544	PRJNA816255	SRR18441544	PI 462368
2246	PLS14_inra_ERR1462692	PRJEB14212	ERR1462692	PLS14_inra
2247	PP147_inra_ERR1462693	PRJEB14212	ERR1462693	PP147_inra
2248	Q1261_SRR11302116	PRJNA609577	SRR11302116	Q1261
2249	Q1261_SRR11302117	PRJNA609577	SRR11302117	Q1261
2250	Q1261_SRR8907065	PRJNA531553	SRR8907065	Q1261
2251	Qi205_SRR11301845	PRJNA609577	SRR11301845	Qi205
2252	Qi205_SRR11301846	PRJNA609577	SRR11301846	Qi205
2253	QI205_SRR8906902	PRJNA531553	SRR8906902	QI205
2254	Qi319_SRR11301584	PRJNA609577	SRR11301584	Qi319
2255	Qi319_SRR11301586	PRJNA609577	SRR11301586	Qi319
2256	QI319_SRR8907047	PRJNA531553	SRR8907047	QI319
2257	Qi319_CRR505023	PRJCA009749	CRR505023	Qi319
2258	Qi35_SRR11301628	PRJNA609577	SRR11301628	Qi35
2259	R08_SRR8906686	PRJNA531553	SRR8906686	R08
2260	R101_ERR10289279	PRJEB56320	ERR10289279	R101
2261	R107_CRR505576	PRJCA009749	CRR505576	R107
2262	R134_ERR10288642	PRJEB56320	ERR10288642	R134
2263	R15_SRR8906758	PRJNA531553	SRR8906758	R15
2264	R15X1141_SRR8906848	PRJNA531553	SRR8906848	R15X1141
2265	R168_SRR11301725	PRJNA609577	SRR11301725	R168
2266	R197_ERR10288641	PRJEB56320	ERR10288641	R197
2267	R225_ERR10289292	PRJEB56320	ERR10289292	R225
2268	R30_ERR10288637	PRJEB56320	ERR10288637	R30
2269	R53_ERR10289287	PRJEB56320	ERR10289287	R53
2270	RID0005_SRR18441543	PRJNA816255	SRR18441543	RID0005
2271	RID0006_SRR18441542	PRJNA816255	SRR18441542	RID0006
2272	RID0007_SRR18441541	PRJNA816255	SRR18441541	RID0007
2273	RID0008_SRR18441540	PRJNA816255	SRR18441540	RID0008
2274	RID0009_SRR18441538	PRJNA816255	SRR18441538	RID0009
2275	RIL003_SRR18441560	PRJNA816255	SRR18441560	RIL003
2276	RIL2_SRR18441559	PRJNA816255	SRR18441559	RIL2
2277	RIMH001_SRR18441536	PRJNA816255	SRR18441536	RIMH001
2278	RIMMA0383_SRR2858648	PRJNA300309	SRR2858648	RIMMA0383
2279	RIMMA0383_SRR2858657	PRJNA300309	SRR2858657	RIMMA0383
2280	RIMMA0384_SRR2859791	PRJNA300309	SRR2859791	RIMMA0384
2281	RIMMA0384_SRR2859793	PRJNA300309	SRR2859793	RIMMA0384
2282	RIMMA0385_SRR2890172	PRJNA300309	SRR2890172	RIMMA0385
2283	RIMMA0385_SRR2890173	PRJNA300309	SRR2890173	RIMMA0385
2284	RIMMA0387_SRR2859795	PRJNA300309	SRR2859795	RIMMA0387
2285	RIMMA0387_SRR2859796	PRJNA300309	SRR2859796	RIMMA0387
2286	RIMMA0390_SRR2886904	PRJNA300309	SRR2886904	RIMMA0390
2287	RIMMA0390_SRR2886906	PRJNA300309	SRR2886906	RIMMA0390
2288	RIMMA0392_SRR2889568	PRJNA300309	SRR2889568	RIMMA0392
2289	RIMMA0392_SRR2889569	PRJNA300309	SRR2889569	RIMMA0392
2290	RIMMA0393_SRR2889570	PRJNA300309	SRR2889570	RIMMA0393
2291	RIMMA0393_SRR2889571	PRJNA300309	SRR2889571	RIMMA0393
2292	RIMMA0395_SRR2889669	PRJNA300309	SRR2889669	RIMMA0395
2293	RIMMA0395_SRR2889670	PRJNA300309	SRR2889670	RIMMA0395
2294	RIMMA0395_SRR2889672	PRJNA300309	SRR2889672	RIMMA0395
2295	RIMMA0395_SRR2889674	PRJNA300309	SRR2889674	RIMMA0395
2296	RIMMA0398_SRR2889676	PRJNA300309	SRR2889676	RIMMA0398
2297	RIMMA0398_SRR2889677	PRJNA300309	SRR2889677	RIMMA0398
2298	RIMMA0398_SRR2889678	PRJNA300309	SRR2889678	RIMMA0398
2299	RIMMA0399_SRR2889581	PRJNA300309	SRR2889581	RIMMA0399
2300	RIMMA0399_SRR2889583	PRJNA300309	SRR2889583	RIMMA0399
2301	RIMMA0409_SRR2889573	PRJNA300309	SRR2889573	RIMMA0409
2302	RIMMA0409_SRR2889574	PRJNA300309	SRR2889574	RIMMA0409
2303	RIMMA0415_SRR2886831	PRJNA300309	SRR2886831	RIMMA0415
2304	RIMMA0415_SRR2886832	PRJNA300309	SRR2886832	RIMMA0415
2305	RIMMA0421_SRR2889575	PRJNA300309	SRR2889575	RIMMA0421
2306	RIMMA0421_SRR2889576	PRJNA300309	SRR2889576	RIMMA0421
2307	RIMMA0438_SRR2889706	PRJNA300309	SRR2889706	RIMMA0438
2308	RIMMA0438_SRR2889707	PRJNA300309	SRR2889707	RIMMA0438
2309	RIMMA0438_SRR2889708	PRJNA300309	SRR2889708	RIMMA0438
2310	RIMMA0438_SRR2889709	PRJNA300309	SRR2889709	RIMMA0438
2311	RIMMA0438_SRR5976496	PRJNA399729	SRR5976496	RIMMA0438
2312	RIMMA0466_SRR2889688	PRJNA300309	SRR2889688	RIMMA0466
2313	RIMMA0466_SRR2889689	PRJNA300309	SRR2889689	RIMMA0466
2314	RIMMA0466_SRR2889690	PRJNA300309	SRR2889690	RIMMA0466
2315	RIMMA0468_SRR2890167	PRJNA300309	SRR2890167	RIMMA0468
2316	RIMMA0468_SRR2890168	PRJNA300309	SRR2890168	RIMMA0468
2317	RIMMA0625_SRR2889702	PRJNA300309	SRR2889702	RIMMA0625
2318	RIMMA0625_SRR2889703	PRJNA300309	SRR2889703	RIMMA0625
2319	RIMMA0625_SRR2889704	PRJNA300309	SRR2889704	RIMMA0625
2320	RIMMA0625_SRR2889705	PRJNA300309	SRR2889705	RIMMA0625
2321	RIMMA0626_SRR2890159	PRJNA300309	SRR2890159	RIMMA0626
2322	RIMMA0626_SRR2890160	PRJNA300309	SRR2890160	RIMMA0626
2323	RIMMA0662_SRR2889577	PRJNA300309	SRR2889577	RIMMA0662
2324	RIMMA0662_SRR2889578	PRJNA300309	SRR2889578	RIMMA0662
2325	RIMMA0665_SRR2890169	PRJNA300309	SRR2890169	RIMMA0665
2326	RIMMA0665_SRR2890171	PRJNA300309	SRR2890171	RIMMA0665
2327	RIMMA0670_SRR2886833	PRJNA300309	SRR2886833	RIMMA0670
2328	RIMMA0670_SRR2886834	PRJNA300309	SRR2886834	RIMMA0670
2329	RIMMA0672_SRR2886856	PRJNA300309	SRR2886856	RIMMA0672
2330	RIMMA0672_SRR2886869	PRJNA300309	SRR2886869	RIMMA0672
2331	RIMMA0677_SRR2890161	PRJNA300309	SRR2890161	RIMMA0677
2332	RIMMA0677_SRR2890162	PRJNA300309	SRR2890162	RIMMA0677
2333	RIMMA0703_SRR2889579	PRJNA300309	SRR2889579	RIMMA0703
2334	RIMMA0703_SRR2889580	PRJNA300309	SRR2889580	RIMMA0703
2335	RIMMA0703_SRR2891008	PRJNA300309	SRR2891008	RIMMA0703
2336	RIMMA0703_SRR2891009	PRJNA300309	SRR2891009	RIMMA0703
2337	RIMMA0703_SRR2891010	PRJNA300309	SRR2891010	RIMMA0703
2338	RIMMA0703_SRR2891011	PRJNA300309	SRR2891011	RIMMA0703
2339	RIMMA0720_SRR2886873	PRJNA300309	SRR2886873	RIMMA0720
2340	RIMMA0720_SRR2886874	PRJNA300309	SRR2886874	RIMMA0720
2341	RIMMA0733_SRR2890163	PRJNA300309	SRR2890163	RIMMA0733
2342	RIMMA0733_SRR2890164	PRJNA300309	SRR2890164	RIMMA0733
2343	RIMMA1007_SRR2886875	PRJNA300309	SRR2886875	RIMMA1007
2344	RIMMA1007_SRR2886876	PRJNA300309	SRR2886876	RIMMA1007
2345	RIMMA1008_SRR2889710	PRJNA300309	SRR2889710	RIMMA1008
2346	RIMMA1008_SRR2889711	PRJNA300309	SRR2889711	RIMMA1008
2347	RIMMA1010_SRR2890165	PRJNA300309	SRR2890165	RIMMA1010
2348	RIMMA1010_SRR2890166	PRJNA300309	SRR2890166	RIMMA1010
2349	RIMMA1012_SRR2886877	PRJNA300309	SRR2886877	RIMMA1012
2350	RIMMA1012_SRR2886878	PRJNA300309	SRR2886878	RIMMA1012
2351	RIN1_SRR18441558	PRJNA816255	SRR18441558	RIN1
2352	RRA-14_SRR18441537	PRJNA816255	SRR18441537	RRA-14
2353	RS_710_SRR11301916	PRJNA609577	SRR11301916	RS_710
2354	RT9_inra_ERR1462694	PRJEB14212	ERR1462694	RT9_inra
2355	RW64A_CRR505090	PRJCA009749	CRR505090	RW64A
2356	RY684_SRR8907147	PRJNA531553	SRR8907147	RY684
2357	RY697_SRR8906768	PRJNA531553	SRR8906768	RY697
2358	RY713_SRR8906708	PRJNA531553	SRR8906708	RY713
2359	RY729_SRR8906943	PRJNA531553	SRR8906943	RY729
2360	RY732_SRR8907125	PRJNA531553	SRR8907125	RY732
2361	RY737_SRR8906695	PRJNA531553	SRR8906695	RY737
2362	S-56_ERR10288625	PRJEB56320	ERR10288625	S-56
2363	S122_CRR505658	PRJCA009749	CRR505658	S122
2364	S160_ERR10238125	PRJEB56265	ERR10238125	S160
2365	S22_SRR8907154	PRJNA531553	SRR8907154	S22
2366	S37_SRR11301854	PRJNA609577	SRR11301854	S37
2367	S37_SRR11301856	PRJNA609577	SRR11301856	S37
2368	S37_SRR8906716	PRJNA531553	SRR8906716	S37
2369	S50676_ERR10235200	PRJEB56265	ERR10235200	S50676
2370	S68911_ERR10235203	PRJEB56265	ERR10235203	S68911
2371	S7913_SRR11302132	PRJNA609577	SRR11302132	S7913
2372	S7913_CRR505706	PRJCA009749	CRR505706	S7913
2373	SC55_SRR8906969	PRJNA531553	SRR8906969	SC55
2374	SCML202_CRR504398	PRJCA009749	CRR504398	SCML202
2375	SCML205Rel_CRR504399	PRJCA009749	CRR504399	SCML205Rel
2376	SD15_ERR10288619	PRJEB56320	ERR10288619	SD15
2377	SD192_CRR505624	PRJCA009749	CRR505624	SD192
2378	SD198_CRR505626	PRJCA009749	CRR505626	SD198
2379	SD202_CRR505627	PRJCA009749	CRR505627	SD202
2380	SD42_ERR10288635	PRJEB56320	ERR10288635	SD42
2381	SEAGULLSEVENTEE_ERR10288634	PRJEB56320	ERR10288634	SEAGULLSEVENTEE
2382	SeagullSeventeen_CRR505284	PRJCA009749	CRR505284	SeagullSeventeen
2383	SG-30A_ERR10288633	PRJEB56320	ERR10288633	SG-30A
2384	Shen135_CRR505061	PRJCA009749	CRR505061	Shen135
2385	Shen137_SRR11301582	PRJNA609577	SRR11301582	Shen137
2386	Shen137_SRR11301583	PRJNA609577	SRR11301583	Shen137
2387	SHEN137_SRR8906724	PRJNA531553	SRR8906724	SHEN137
2388	Shen137_CRR505412	PRJCA009749	CRR505412	Shen137
2389	Shen151_CRR505710	PRJCA009749	CRR505710	Shen151
2390	Shen161_CRR504467	PRJCA009749	CRR504467	Shen161
2391	Shen3265_CRR505413	PRJCA009749	CRR505413	Shen3265
2392	SHEN5003_SRR8906702	PRJNA531553	SRR8906702	SHEN5003
2393	Shen5003_CRR504501	PRJCA009749	CRR504501	Shen5003
2394	Shen501_CRR504508	PRJCA009749	CRR504508	Shen501
2395	Shen977_CRR504212	PRJCA009749	CRR504212	Shen977
2396	Sheng62_CRR505387	PRJCA009749	CRR505387	Sheng62
2397	Shuang741_SRR11302151	PRJNA609577	SRR11302151	Shuang741
2398	ShuangM9B_1_CRR505068	PRJCA009749	CRR505068	ShuangM9B_1
2399	Shuangtaiwu_CRR504899	PRJCA009749	CRR504899	Shuangtaiwu
2400	Si_144Gai_CRR505540	PRJCA009749	CRR505540	Si_144Gai
2401	Si_287_CRR505410	PRJCA009749	CRR505410	Si_287
2402	Si273_SRR11302032	PRJNA609577	SRR11302032	Si273
2403	Si273_SRR11302033	PRJNA609577	SRR11302033	Si273
2404	SI273_SRR8906854	PRJNA531553	SRR8906854	SI273
2405	SI434_SRR8906987	PRJNA531553	SRR8906987	SI434
2406	SI444_SRR8907021	PRJNA531553	SRR8907021	SI444
2407	SI446_SRR8906850	PRJNA531553	SRR8906850	SI446
2408	SK_resequencing_SRR8907017	PRJNA531553	SRR8907017	SK_resequencing
2409	SNLP305_CIMMYT_ERR1462705	PRJEB14212	ERR1462705	SNLP305_CIMMYT
2410	Suixi608_CRR504285	PRJCA009749	CRR504285	Suixi608
2411	Suixi613_CRR504287	PRJCA009749	CRR504287	Suixi613
2412	Suixi703_CRR504288	PRJCA009749	CRR504288	Suixi703
2413	Suixi704_CRR505199	PRJCA009749	CRR505199	Suixi704
2414	Suixi707_CRR504290	PRJCA009749	CRR504290	Suixi707
2415	Suixi708_CRR504291	PRJCA009749	CRR504291	Suixi708
2416	Suixi709_CRR504292	PRJCA009749	CRR504292	Suixi709
2417	Suwan1611_SRR11302064	PRJNA609577	SRR11302064	Suwan1611
2418	Suwan1611_SRR11302065	PRJNA609577	SRR11302065	Suwan1611
2419	SW1611_SRR8906645	PRJNA531553	SRR8906645	SW1611
2420	SW92E114_SRR8907023	PRJNA531553	SRR8907023	SW92E114
2421	SX3821_CRR505667	PRJCA009749	CRR505667	SX3821
2422	SY1032_SRR8906993	PRJNA531553	SRR8906993	SY1032
2423	SY1035_SRR8906689	PRJNA531553	SRR8906689	SY1035
2424	SY1039_SRR8907130	PRJNA531553	SRR8907130	SY1039
2425	SY1052_SRR8906894	PRJNA531553	SRR8906894	SY1052
2426	SY1077_SRR8906769	PRJNA531553	SRR8906769	SY1077
2427	SY1128_SRR8907095	PRJNA531553	SRR8907095	SY1128
2428	SY3073_SRR8907026	PRJNA531553	SRR8907026	SY3073
2429	SY998_SRR8907071	PRJNA531553	SRR8907071	SY998
2430	SY999_SRR8906855	PRJNA531553	SRR8906855	SY999
2431	T0403_CRR505392	PRJCA009749	CRR505392	T0403
2432	T116_CRR504281	PRJCA009749	CRR504281	T116
2433	T141_ERR10288620	PRJEB56320	ERR10288620	T141
2434	T146_ERR10288626	PRJEB56320	ERR10288626	T146
2435	T24223_CRR504265	PRJCA009749	CRR504265	T24223
2436	T276_CRR504797	PRJCA009749	CRR504797	T276
2437	T33169_CRR504256	PRJCA009749	CRR504256	T33169
2438	T33336_CRR504262	PRJCA009749	CRR504262	T33336
2439	T33362_CRR504264	PRJCA009749	CRR504264	T33362
2440	T5107_CRR504244	PRJCA009749	CRR504244	T5107
2441	T5588_CRR504247	PRJCA009749	CRR504247	T5588
2442	T58765_CRR505523	PRJCA009749	CRR505523	T58765
2443	T9_ERR10288628	PRJEB56320	ERR10288628	T9
2444	Tai1_Lg_CRR504970	PRJCA009749	CRR504970	Tai1_Lg
2445	Tai184_SRR11301666	PRJNA609577	SRR11301666	Tai184
2446	TD282_CRR504525	PRJCA009749	CRR504525	TD282
2447	TD5937_CRR504787	PRJCA009749	CRR504787	TD5937
2448	TE322_CRR504526	PRJCA009749	CRR504526	TE322
2449	TE350_CRR504529	PRJCA009749	CRR504529	TE350
2450	Tehuacan162_SRR4999771	PRJNA352392	SRR4999771	Tehuacan162
2451	Teosinte_SRR1575519	PRJNA260788	SRR1575519	Teosinte
2452	Tian4_SRR11302186	PRJNA609577	SRR11302186	Tian4
2453	TIAN77_SRR8907085	PRJNA531553	SRR8907085	TIAN77
2454	Tianya4_CRR505114	PRJCA009749	CRR505114	Tianya4
2455	Tie7922_SRR11301645	PRJNA609577	SRR11301645	Tie7922
2456	Tie7922_SRR11301646	PRJNA609577	SRR11301646	Tie7922
2457	TIE7922_SRR8906857	PRJNA531553	SRR8906857	TIE7922
2458	Tie7922_CRR505415	PRJCA009749	CRR505415	Tie7922
2459	Tie9010_CRR504477	PRJCA009749	CRR504477	Tie9010
2460	Tie98033_1_CRR505677	PRJCA009749	CRR505677	Tie98033_1
2461	TIL01_SRR5976497	PRJNA399729	SRR5976497	TIL01
2462	TIL03_SRR5976494	PRJNA399729	SRR5976494	TIL03
2463	TIL05_SRR5976495	PRJNA399729	SRR5976495	TIL05
2464	TIL09_SRR5976492	PRJNA399729	SRR5976492	TIL09
2465	TIL10_SRR5976493	PRJNA399729	SRR5976493	TIL10
2466	TIL11_SRR5976511	PRJNA399729	SRR5976511	TIL11
2467	TIL14-TIP498.2_SRR5976491	PRJNA399729	SRR5976491	TIL14-TIP498.2
2468	TIL15_SRR5976309	PRJNA399729	SRR5976309	TIL15
2469	TIL25-TIP489.2_SRR5976310	PRJNA399729	SRR5976310	TIL25-TIP489.2
2470	TR_ERR10288627	PRJEB56320	ERR10288627	TR
2471	TT16_SRR8907090	PRJNA531553	SRR8907090	TT16
2472	Tx149_CRR505619	PRJCA009749	CRR505619	Tx149
2473	Tx303_ERR3307906	PRJEB31061	ERR3307906	Tx303
2474	Tx303_ERR3307907	PRJEB31061	ERR3307907	Tx303
2475	Tx303_ERR3307908	PRJEB31061	ERR3307908	Tx303
2476	Tx303_ERR3307909	PRJEB31061	ERR3307909	Tx303
2477	TX5_SRR8906659	PRJNA531553	SRR8906659	TX5
2478	Tx601_SRR5976354	PRJNA399729	SRR5976354	Tx601
2479	TY1_SRR8906685	PRJNA531553	SRR8906685	TY1
2480	TY10_SRR8907018	PRJNA531553	SRR8907018	TY10
2481	TY11_SRR8906989	PRJNA531553	SRR8906989	TY11
2482	TY2_SRR8906941	PRJNA531553	SRR8906941	TY2
2483	TY3_SRR8907132	PRJNA531553	SRR8907132	TY3
2484	TY4_SRR8906760	PRJNA531553	SRR8906760	TY4
2485	TY5_SRR8906767	PRJNA531553	SRR8906767	TY5
2486	TY6_SRR8906834	PRJNA531553	SRR8906834	TY6
2487	TY7_SRR8907151	PRJNA531553	SRR8907151	TY7
2488	TY8_SRR8906847	PRJNA531553	SRR8906847	TY8
2489	TY9_SRR8906819	PRJNA531553	SRR8906819	TY9
2490	Tzi8_ERR3155224	PRJEB31061	ERR3155224	Tzi8
2491	Tzi8_ERR3155516	PRJEB31061	ERR3155516	Tzi8
2492	Tzi8_ERR3155517	PRJEB31061	ERR3155517	Tzi8
2493	Tzi8_ERR3155518	PRJEB31061	ERR3155518	Tzi8
2494	TZU-CHIAO-HSI-W_ERR10288629	PRJEB56320	ERR10288629	TZU-CHIAO-HSI-W
2495	U-123_ERR10288632	PRJEB56320	ERR10288632	U-123
2496	U8112_SRR8906764	PRJNA531553	SRR8906764	U8112
2497	UH_FF0721H_uh_ERR1462695	PRJEB14212	ERR1462695	UH_FF0721H_uh
2498	UH006_SRR1575520	PRJNA260788	SRR1575520	UH006
2499	UH007_SRR1575521	PRJNA260788	SRR1575521	UH007
2500	UH009_SRR1575522	PRJNA260788	SRR1575522	UH009
2501	UH250_SRR1575523	PRJNA260788	SRR1575523	UH250
2502	UH304_SRR1575524	PRJNA260788	SRR1575524	UH304
2503	Va17_SRR11301731	PRJNA609577	SRR11301731	Va17
2504	Va26_SRR11301619	PRJNA609577	SRR11301619	Va26
2505	Va26_SRR11301620	PRJNA609577	SRR11301620	Va26
2506	VA38_ERR10288630	PRJEB56320	ERR10288630	VA38
2507	VA52_ERR10288615	PRJEB56320	ERR10288615	VA52
2508	VA59_SRR11301730	PRJNA609577	SRR11301730	VA59
2509	W_25_CRR504534	PRJCA009749	CRR504534	W_25
2510	W08_CRR504725	PRJCA009749	CRR504725	W08
2511	W117_SRR1575525	PRJNA260788	SRR1575525	W117
2512	W138_SRR8906665	PRJNA531553	SRR8906665	W138
2513	W172_CRR505689	PRJCA009749	CRR505689	W172
2514	W22_SRR5976325	PRJNA399729	SRR5976325	W22
2515	W23_SRR11301614	PRJNA609577	SRR11301614	W23
2516	W23_SRR11301615	PRJNA609577	SRR11301615	W23
2517	W499_CRR504183	PRJCA009749	CRR504183	W499
2518	W601S_ERR10288617	PRJEB56320	ERR10288617	W601S
2519	W703_ERR10288623	PRJEB56320	ERR10288623	W703
2520	W802G_ERR10288622	PRJEB56320	ERR10288622	W802G
2521	W816G_ERR10288613	PRJEB56320	ERR10288613	W816G
2522	W818G_ERR10288614	PRJEB56320	ERR10288614	W818G
2523	W8304_CRR505316	PRJCA009749	CRR505316	W8304
2524	Weifeng322_SRR11301948	PRJNA609577	SRR11301948	Weifeng322
2525	Wenhuang31413_SRR11301767	PRJNA609577	SRR11301767	Wenhuang31413
2526	Wenhuang31413_SRR11301768	PRJNA609577	SRR11301768	Wenhuang31413
2527	Wenhuang31413_CRR505651	PRJCA009749	CRR505651	Wenhuang31413
2528	WF9_SRR11301729	PRJNA609577	SRR11301729	WF9
2529	Wf9_inra_ERR1462696	PRJEB14212	ERR1462696	Wf9_inra
2530	WH413_SRR8906900	PRJNA531553	SRR8906900	WH413
2531	WIL_1_SRR11302148	PRJNA609577	SRR11302148	WIL_1
2532	WIL_10_SRR11302142	PRJNA609577	SRR11302142	WIL_10
2533	WIL_11_SRR11301972	PRJNA609577	SRR11301972	WIL_11
2534	WIL_12_SRR11302139	PRJNA609577	SRR11302139	WIL_12
2535	WIL_13_SRR11302140	PRJNA609577	SRR11302140	WIL_13
2536	WIL_14_SRR11301975	PRJNA609577	SRR11301975	WIL_14
2537	WIL_16_SRR11302112	PRJNA609577	SRR11302112	WIL_16
2538	WIL_17_SRR11302099	PRJNA609577	SRR11302099	WIL_17
2539	WIL_17_SRR11302100	PRJNA609577	SRR11302100	WIL_17
2540	WIL_17_SRR11302101	PRJNA609577	SRR11302101	WIL_17
2541	WIL_18_SRR11302103	PRJNA609577	SRR11302103	WIL_18
2542	WIL_18_SRR11302104	PRJNA609577	SRR11302104	WIL_18
2543	WIL_18_SRR11302105	PRJNA609577	SRR11302105	WIL_18
2544	WIL_19_SRR11302086	PRJNA609577	SRR11302086	WIL_19
2545	WIL_19_SRR11302087	PRJNA609577	SRR11302087	WIL_19
2546	WIL_19_SRR11302088	PRJNA609577	SRR11302088	WIL_19
2547	WIL_2_SRR11302149	PRJNA609577	SRR11302149	WIL_2
2548	WIL_20_SRR11302089	PRJNA609577	SRR11302089	WIL_20
2549	WIL_20_SRR11302090	PRJNA609577	SRR11302090	WIL_20
2550	WIL_20_SRR11302092	PRJNA609577	SRR11302092	WIL_20
2551	WIL_22_SRR11301884	PRJNA609577	SRR11301884	WIL_22
2552	WIL_25_SRR11301885	PRJNA609577	SRR11301885	WIL_25
2553	WIL_26_SRR11302138	PRJNA609577	SRR11302138	WIL_26
2554	WIL_27_SRR11302136	PRJNA609577	SRR11302136	WIL_27
2555	WIL_28_SRR11302137	PRJNA609577	SRR11302137	WIL_28
2556	WIL_3_SRR11301976	PRJNA609577	SRR11301976	WIL_3
2557	WIL_4_SRR11302143	PRJNA609577	SRR11302143	WIL_4
2558	WIL_5_SRR11301981	PRJNA609577	SRR11301981	WIL_5
2559	WIL_6_SRR11301886	PRJNA609577	SRR11301886	WIL_6
2560	WIL_7_SRR11301971	PRJNA609577	SRR11301971	WIL_7
2561	WIL_8_SRR11301970	PRJNA609577	SRR11301970	WIL_8
2562	WIL_9_SRR11302141	PRJNA609577	SRR11302141	WIL_9
2563	WIL900_CRR505471	PRJCA009749	CRR505471	WIL900
2564	WIL903_CRR505333	PRJCA009749	CRR505333	WIL903
2565	WJ_inra_ERR1462697	PRJEB14212	ERR1462697	WJ_inra
2566	WK858_CRR505397	PRJCA009749	CRR505397	WK858
2567	WMR_SRR8906928	PRJNA531553	SRR8906928	WMR
2568	Wu105_SRR11301741	PRJNA609577	SRR11301741	Wu105
2569	Wu109_SRR11301910	PRJNA609577	SRR11301910	Wu109
2570	Wu109_SRR11301911	PRJNA609577	SRR11301911	Wu109
2571	WU109_SRR8906709	PRJNA531553	SRR8906709	WU109
2572	Wu6006_CRR504697	PRJCA009749	CRR504697	Wu6006
2573	Wu6127_CRR504696	PRJCA009749	CRR504696	Wu6127
2574	Wu9086_CRR504693	PRJCA009749	CRR504693	Wu9086
2575	X232_CRR504801	PRJCA009749	CRR504801	X232
2576	X48B_CRR504814	PRJCA009749	CRR504814	X48B
2577	X8531_CRR504813	PRJCA009749	CRR504813	X8531
2578	XD973_CRR504700	PRJCA009749	CRR504700	XD973
2579	XF_1_CRR505517	PRJCA009749	CRR505517	XF_1
2580	XF063_CRR504843	PRJCA009749	CRR504843	XF063
2581	XF38P05F_CRR505641	PRJCA009749	CRR505641	XF38P05F
2582	Xi14_SRR11301643	PRJNA609577	SRR11301643	Xi14
2583	Xi14_SRR11301644	PRJNA609577	SRR11301644	Xi14
2584	XI502_SRR8906705	PRJNA531553	SRR8906705	XI502
2585	Xinaiguang10_SRR11301699	PRJNA609577	SRR11301699	Xinaiguang10
2586	Xu052_SRR11302113	PRJNA609577	SRR11302113	Xu052
2587	Xun313_CRR504566	PRJCA009749	CRR504566	Xun313
2588	Xun5872_CRR504567	PRJCA009749	CRR504567	Xun5872
2589	Xun9058_CRR505661	PRJCA009749	CRR505661	Xun9058
2590	Xun92_8_SRR11302114	PRJNA609577	SRR11302114	Xun92_8
2591	Xun92_8_SRR11302115	PRJNA609577	SRR11302115	Xun92_8
2592	Xun92_8_CRR505403	PRJCA009749	CRR505403	Xun92_8
2593	Xun926_CRR505655	PRJCA009749	CRR505655	Xun926
2594	XUN971_SRR8906927	PRJNA531553	SRR8906927	XUN971
2595	XZ698_SRR8907128	PRJNA531553	SRR8907128	XZ698
2596	Y1642_CRR504745	PRJCA009749	CRR504745	Y1642
2597	Y1665_CRR504747	PRJCA009749	CRR504747	Y1665
2598	Y1674_CRR504748	PRJCA009749	CRR504748	Y1674
2599	Y1697_CRR504755	PRJCA009749	CRR504755	Y1697
2600	Y1703_CRR504758	PRJCA009749	CRR504758	Y1703
2601	Y1704_CRR504759	PRJCA009749	CRR504759	Y1704
2602	Y1706_CRR504761	PRJCA009749	CRR504761	Y1706
2603	Y1745_CRR504768	PRJCA009749	CRR504768	Y1745
2604	Y1751_CRR504770	PRJCA009749	CRR504770	Y1751
2605	Y1754_CRR504772	PRJCA009749	CRR504772	Y1754
2606	Y1755_CRR504773	PRJCA009749	CRR504773	Y1755
2607	Y1757_CRR504775	PRJCA009749	CRR504775	Y1757
2608	Y223_SRR11301891	PRJNA609577	SRR11301891	Y223
2609	Y3_2_CRR504709	PRJCA009749	CRR504709	Y3_2
2610	Y687_CRR504708	PRJCA009749	CRR504708	Y687
2611	Yan414_SRR11301780	PRJNA609577	SRR11301780	Yan414
2612	Yan414_SRR11301781	PRJNA609577	SRR11301781	Yan414
2613	YAN414_SRR8906979	PRJNA531553	SRR8906979	YAN414
2614	YANG_ERR10288618	PRJEB56320	ERR10288618	YANG
2615	YD7922_CRR505531	PRJCA009749	CRR505531	YD7922
2616	YE-CHI-HUNG_ERR10288621	PRJEB56320	ERR10288621	YE-CHI-HUNG
2617	Ye107_SRR11302122	PRJNA609577	SRR11302122	Ye107
2618	Ye107_SRR11302123	PRJNA609577	SRR11302123	Ye107
2619	YE107_SRR8907087	PRJNA531553	SRR8907087	YE107
2620	YE4_ERR10288636	PRJEB56320	ERR10288636	YE4
2621	YE478_SRR8906861	PRJNA531553	SRR8906861	YE478
2622	YE488_SRR8906935	PRJNA531553	SRR8906935	YE488
2623	Ye488_CRR505036	PRJCA009749	CRR505036	Ye488
2624	Ye502_SRR11302147	PRJNA609577	SRR11302147	Ye502
2625	YE515_SRR8906982	PRJNA531553	SRR8906982	YE515
2626	Ye52106_SRR11302066	PRJNA609577	SRR11302066	Ye52106
2627	Ye52106_SRR11302067	PRJNA609577	SRR11302067	Ye52106
2628	YE52106_SRR8906926	PRJNA531553	SRR8906926	YE52106
2629	Ye8001_SRR11302041	PRJNA609577	SRR11302041	Ye8001
2630	Ye8001_SRR11302042	PRJNA609577	SRR11302042	Ye8001
2631	YE8001_SRR8907127	PRJNA531553	SRR8907127	YE8001
2632	Ye8112_CRR505041	PRJCA009749	CRR505041	Ye8112
2633	YELLOW3-4_ERR10288612	PRJEB56320	ERR10288612	YELLOW3-4
2634	Ying64_SRR11302034	PRJNA609577	SRR11302034	Ying64
2635	Ying64_SRR11302035	PRJNA609577	SRR11302035	Ying64
2636	YONG28_ERR10288616	PRJEB56320	ERR10288616	YONG28
2637	YU374_SRR8907119	PRJNA531553	SRR8907119	YU374
2638	YU796NS_ERR10288611	PRJEB56320	ERR10288611	YU796NS
2639	Yu82_SRR11302156	PRJNA609577	SRR11302156	Yu82
2640	YU87-1_SRR8907131	PRJNA531553	SRR8907131	YU87-1
2641	Yuanqi123_SRR11301617	PRJNA609577	SRR11301617	Yuanqi123
2642	Yuanwu02_SRR11301639	PRJNA609577	SRR11301639	Yuanwu02
2643	Yuanwu02_CRR505020	PRJCA009749	CRR505020	Yuanwu02
2644	Yue20_3_CRR504957	PRJCA009749	CRR504957	Yue20_3
2645	Yue267_3_1_CRR505072	PRJCA009749	CRR505072	Yue267_3_1
2646	Z001E0010_CRR505143	PRJCA009749	CRR505143	Z001E0010
2647	Z004E0173_CRR505144	PRJCA009749	CRR505144	Z004E0173
2648	Z013E0072_CRR505147	PRJCA009749	CRR505147	Z013E0072
2649	Z021E0138_CRR505153	PRJCA009749	CRR505153	Z021E0138
2650	Z026E0069_CRR505156	PRJCA009749	CRR505156	Z026E0069
2651	Z2_SRR7477674	PRJNA479960	SRR7477674	Z2
2652	Z2018F_SRR8906981	PRJNA531553	SRR8906981	Z2018F
2653	Z6_SRR7477673	PRJNA479960	SRR7477673	Z6
2654	Z65_SRR7477668	PRJNA479960	SRR7477668	Z65
2655	Z66_SRR7477667	PRJNA479960	SRR7477667	Z66
2656	Z67_SRR7477670	PRJNA479960	SRR7477670	Z67
2657	Z78_CRR504702	PRJCA009749	CRR504702	Z78
2658	ZaC546_SRR11302054	PRJNA609577	SRR11302054	ZaC546
2659	ZaC546_SRR11302055	PRJNA609577	SRR11302055	ZaC546
2660	ZAC546_SRR8906842	PRJNA531553	SRR8906842	ZAC546
2661	Zaodahuang_SRR11301762	PRJNA609577	SRR11301762	Zaodahuang
2662	ZB648_SRR8907041	PRJNA531553	SRR8907041	ZB648
2663	ZH68_SRR8906856	PRJNA531553	SRR8906856	ZH68
2664	Zhangjin6_CRR504953	PRJCA009749	CRR504953	Zhangjin6
2665	Zhe461_CRR504395	PRJCA009749	CRR504395	Zhe461
2666	Zhe931_CRR504393	PRJCA009749	CRR504393	Zhe931
2667	Zhe969_CRR504394	PRJCA009749	CRR504394	Zhe969
2668	Zheng22_SRR11301847	PRJNA609577	SRR11301847	Zheng22
2669	Zheng22_SRR11301848	PRJNA609577	SRR11301848	Zheng22
2670	ZHENG22_SRR8907068	PRJNA531553	SRR8907068	ZHENG22
2671	ZHENG28_SRR8906788	PRJNA531553	SRR8906788	ZHENG28
2672	ZHENG29_SRR8906829	PRJNA531553	SRR8906829	ZHENG29
2673	ZHENG30_SRR8906899	PRJNA531553	SRR8906899	ZHENG30
2674	ZHENG32_SRR8906759	PRJNA531553	SRR8906759	ZHENG32
2675	ZHENG35_SRR8906773	PRJNA531553	SRR8906773	ZHENG35
2676	Zheng561_CRR504592	PRJCA009749	CRR504592	Zheng561
2677	Zheng578_CRR505569	PRJCA009749	CRR505569	Zheng578
2678	ZHENG58_SRR8906660	PRJNA531553	SRR8906660	ZHENG58
2679	Zheng58_CRR505047	PRJCA009749	CRR505047	Zheng58
2680	Zheng60_CRR504404	PRJCA009749	CRR504404	Zheng60
2681	Zheng600_CRR504589	PRJCA009749	CRR504589	Zheng600
2682	Zheng603_CRR504591	PRJCA009749	CRR504591	Zheng603
2683	ZHENG653_SRR8906680	PRJNA531553	SRR8906680	ZHENG653
2684	ZhengT22_CRR504563	PRJCA009749	CRR504563	ZhengT22
2685	ZhengX959_CRR505564	PRJCA009749	CRR505564	ZhengX959
2686	ZHI41_SRR8906681	PRJNA531553	SRR8906681	ZHI41
2687	Zhong128_CRR505032	PRJCA009749	CRR505032	Zhong128
2688	ZHONG69_SRR8907004	PRJNA531553	SRR8907004	ZHONG69
2689	Zhongxi09102_CRR505636	PRJCA009749	CRR505636	Zhongxi09102
2690	Zhongyin10_CRR504908	PRJCA009749	CRR504908	Zhongyin10
2691	Zhongzi01_CRR504186	PRJCA009749	CRR504186	Zhongzi01
2692	Zhongzi03_CRR505679	PRJCA009749	CRR505679	Zhongzi03
2693	Zhu07_CRR504572	PRJCA009749	CRR504572	Zhu07
2694	Zi330_SRR11301638	PRJNA609577	SRR11301638	Zi330
2695	Zi330_SRR11301640	PRJNA609577	SRR11301640	Zi330
2696	ZI330_SRR8907137	PRJNA531553	SRR8907137	ZI330
2697	Ziduosui_CRR504979	PRJCA009749	CRR504979	Ziduosui
2698	ZK02_1_CRR504568	PRJCA009749	CRR504568	ZK02_1
2699	ZK11M_SRR11302159	PRJNA609577	SRR11302159	ZK11M
2700	Zong3_SRR11301636	PRJNA609577	SRR11301636	Zong3
2701	Zong3_SRR11301637	PRJNA609577	SRR11301637	Zong3
2702	ZONG3_SRR8907120	PRJNA531553	SRR8907120	ZONG3
2703	Zong3_CRR505125	PRJCA009749	CRR505125	Zong3
2704	Zong31_SRR11301906	PRJNA609577	SRR11301906	Zong31
2705	Zong31_SRR11301907	PRJNA609577	SRR11301907	Zong31
2706	ZONG31_SRR8906693	PRJNA531553	SRR8906693	ZONG31
2707	Zong31_CRR505124	PRJCA009749	CRR505124	Zong31
2708	Zongxi241_CRR505005	PRJCA009749	CRR505005	Zongxi241
2709	ZS01250_SRR11302162	PRJNA609577	SRR11302162	ZS01250
2710	ZS01250_SRR11302163	PRJNA609577	SRR11302163	ZS01250
2711	ZS1791_ERR10288624	PRJEB56320	ERR10288624	ZS1791
2712	ZS1791_CRR505283	PRJCA009749	CRR505283	ZS1791
2713	Zun90110_CRR505065	PRJCA009749	CRR505065	Zun90110
2714	ZZ01_SRR8906915	PRJNA531553	SRR8906915	ZZ01
2715	ZZ03_SRR8907145	PRJNA531553	SRR8907145	ZZ03
